{
"__comment": "Designed by Hypixel minecraft server with BDcraft Cubik PRO 0.93 Beta - http://bdcraft.net",
"ambientocclusion": false,
"textures": {
    "texture": "items/helm2.1_unwrap1",
    "texture2": "items/helm2.1_unwrap2",
    "texture3": "items/helm2.1_unwrap3",
    "texture4": "items/helm2.1_unwrap4"
},
"elements": [ 
{
    "from": [ 1, 15, 1 ],
    "to": [ 15, 16, 15 ],
    "faces": {
        "down":  { "uv": [ 11.5, 11.5, 4.5, 4.5 ], "texture": "#texture4" },
        "up":    { "uv": [ 4.5, 4.5, 11.5, 11.5 ], "texture": "#texture4", "cullface": "up" },
        "north": { "uv": [ 11.5, 4, 4.5, 4.5 ], "texture": "#texture" },
        "south": { "uv": [ 4.5, 4, 11.5, 4.5 ], "texture": "#texture3" },
        "west":  { "uv": [ 4.5, 4, 11.5, 4.5 ], "texture": "#texture2" },
        "east":  { "uv": [ 11.5, 4, 4.5, 4.5 ], "texture": "#texture2" }
    }
},
{
    "from": [ 5, 0, -3 ],
    "to": [ 11, 1, -2 ],
    "faces": {
        "down":  { "uv": [ 9.5, 12, 6.5, 11.5 ], "texture": "#texture", "cullface": "north" },
        "north": { "uv": [ 9.5, 11.5, 6.5, 12 ], "texture": "#texture", "cullface": "north" },
        "west":  { "uv": [ 2.5, 11.5, 3, 12 ], "texture": "#texture2", "cullface": "north" },
        "east":  { "uv": [ 3, 11.5, 2.5, 12 ], "texture": "#texture2", "cullface": "north" }
    }
},
{
    "from": [ 3, 0, -2 ],
    "to": [ 13, 12, -1 ],
    "faces": {
        "down":  { "uv": [ 10.5, 12, 5.5, 11.5 ], "texture": "#texture", "cullface": "north" },
        "up":    { "uv": [ 5.5, 3, 10.5, 3.5 ], "texture": "#texture4", "cullface": "north" },
        "north": { "uv": [ 10.5, 6, 5.5, 12 ], "texture": "#texture", "cullface": "north" },
        "west":  { "uv": [ 3, 6, 3.5, 12 ], "texture": "#texture2", "cullface": "north" },
        "east":  { "uv": [ 3.5, 6, 3, 12 ], "texture": "#texture2", "cullface": "north" }
    }
},
{
    "from": [ 2, 0, -1 ],
    "to": [ 14, 13, 0 ],
    "faces": {
        "down":  { "uv": [ 11, 12, 5, 11.5 ], "texture": "#texture", "cullface": "north" },
        "up":    { "uv": [ 5, 3.5, 11, 4 ], "texture": "#texture4", "cullface": "north" },
        "north": { "uv": [ 11, 5.5, 5, 12 ], "texture": "#texture", "cullface": "north" },
        "west":  { "uv": [ 3.5, 5.5, 4, 12 ], "texture": "#texture2", "cullface": "north" },
        "east":  { "uv": [ 4, 5.5, 3.5, 12 ], "texture": "#texture2", "cullface": "north" }
    }
},
{
    "from": [ 1, 0, 0 ],
    "to": [ 15, 15, 1 ],
    "faces": {
        "down":  { "uv": [ 11.5, 12, 4.5, 11.5 ], "texture": "#texture", "cullface": "down" },
        "up":    { "uv": [ 4.5, 4, 11.5, 4.5 ], "texture": "#texture4" },
        "north": { "uv": [ 11.5, 4.5, 4.5, 12 ], "texture": "#texture", "cullface": "north" },
        "south": { "uv": [ 4.5, 4.5, 11.5, 12 ], "texture": "#texture" },
        "west":  { "uv": [ 4, 4.5, 4.5, 12 ], "texture": "#texture2" },
        "east":  { "uv": [ 4.5, 4.5, 4, 12 ], "texture": "#texture2" }
    }
},
{
    "from": [ 0, 0, 1 ],
    "to": [ 1, 15, 12 ],
    "faces": {
        "down":  { "uv": [ 10, 12, 4.5, 11.5 ], "rotation": 90, "texture": "#texture2", "cullface": "down" },
        "up":    { "uv": [ 4, 4.5, 4.5, 10 ], "texture": "#texture4" },
        "north": { "uv": [ 4.5, 4.5, 4, 12 ], "texture": "#texture" },
        "south": { "uv": [ 4, 4.5, 4.5, 12 ], "texture": "#texture3" },
        "west":  { "uv": [ 4.5, 4.5, 10, 12 ], "texture": "#texture2", "cullface": "west" },
        "east":  { "uv": [ 10, 4.5, 4.5, 12 ], "texture": "#texture2" }
    }
},
{
    "from": [ 15, 0, 1 ],
    "to": [ 16, 15, 12 ],
    "faces": {
        "down":  { "uv": [ 10, 12, 4.5, 11.5 ], "rotation": 90, "texture": "#texture2", "cullface": "down" },
        "up":    { "uv": [ 11.5, 4.5, 12, 10 ], "texture": "#texture4" },
        "north": { "uv": [ 12, 4.5, 11.5, 12 ], "texture": "#texture" },
        "south": { "uv": [ 11.5, 4.5, 12, 12 ], "texture": "#texture3" },
        "west":  { "uv": [ 4.5, 4.5, 10, 12 ], "texture": "#texture2" },
        "east":  { "uv": [ 10, 4.5, 4.5, 12 ], "texture": "#texture2", "cullface": "east" }
    }
},
{
    "from": [ 4, 1, -3 ],
    "to": [ 12, 9, -2 ],
    "faces": {
        "down":  { "uv": [ 10, 11.5, 6, 11 ], "texture": "#texture", "cullface": "north" },
        "up":    { "uv": [ 6, 2.5, 10, 3 ], "texture": "#texture4", "cullface": "north" },
        "north": { "uv": [ 10, 7.5, 6, 11.5 ], "texture": "#texture", "cullface": "north" },
        "west":  { "uv": [ 2.5, 7.5, 3, 11.5 ], "texture": "#texture2", "cullface": "north" },
        "east":  { "uv": [ 3, 7.5, 2.5, 11.5 ], "texture": "#texture2", "cullface": "north" }
    }
},
{
    "from": [ 5, 1, -4 ],
    "to": [ 11, 5, -3 ],
    "faces": {
        "down":  { "uv": [ 9.5, 11.5, 6.5, 11 ], "texture": "#texture", "cullface": "north" },
        "up":    { "uv": [ 6.5, 2, 9.5, 2.5 ], "texture": "#texture4", "cullface": "north" },
        "north": { "uv": [ 9.5, 9.5, 6.5, 11.5 ], "texture": "#texture", "cullface": "north" },
        "west":  { "uv": [ 2, 9.5, 2.5, 11.5 ], "texture": "#texture2", "cullface": "north" },
        "east":  { "uv": [ 2.5, 9.5, 2, 11.5 ], "texture": "#texture2", "cullface": "north" }
    }
},
{
    "from": [ 6, 5, -4 ],
    "to": [ 10, 7, -3 ],
    "faces": {
        "up":    { "uv": [ 7, 2, 9, 2.5 ], "texture": "#texture4", "cullface": "north" },
        "north": { "uv": [ 9, 8.5, 7, 9.5 ], "texture": "#texture", "cullface": "north" },
        "west":  { "uv": [ 2, 8.5, 2.5, 9.5 ], "texture": "#texture2", "cullface": "north" },
        "east":  { "uv": [ 2.5, 8.5, 2, 9.5 ], "texture": "#texture2", "cullface": "north" }
    }
},
{
    "from": [ 7, 7, -4 ],
    "to": [ 9, 8, -3 ],
    "faces": {
        "up":    { "uv": [ 7.5, 2, 8.5, 2.5 ], "texture": "#texture4", "cullface": "north" },
        "north": { "uv": [ 8.5, 8, 7.5, 8.5 ], "texture": "#texture", "cullface": "north" },
        "west":  { "uv": [ 2, 8, 2.5, 8.5 ], "texture": "#texture2", "cullface": "north" },
        "east":  { "uv": [ 2.5, 8, 2, 8.5 ], "texture": "#texture2", "cullface": "north" }
    }
},
{
    "from": [ 3, 2, -3 ],
    "to": [ 13, 7, -2 ],
    "faces": {
        "down":  { "uv": [ 10.5, 11, 5.5, 10.5 ], "texture": "#texture", "cullface": "north" },
        "up":    { "uv": [ 5.5, 2.5, 10.5, 3 ], "texture": "#texture4", "cullface": "north" },
        "north": { "uv": [ 10.5, 8.5, 5.5, 11 ], "texture": "#texture", "cullface": "north" },
        "west":  { "uv": [ 2.5, 8.5, 3, 11 ], "texture": "#texture2", "cullface": "north" },
        "east":  { "uv": [ 3, 8.5, 2.5, 11 ], "texture": "#texture2", "cullface": "north" }
    }
},
{
    "from": [ 6, 9, -3 ],
    "to": [ 10, 10, -2 ],
    "faces": {
        "up":    { "uv": [ 7, 2.5, 9, 3 ], "texture": "#texture4", "cullface": "north" },
        "north": { "uv": [ 9, 7, 7, 7.5 ], "texture": "#texture", "cullface": "north" },
        "west":  { "uv": [ 2.5, 7, 3, 7.5 ], "texture": "#texture2", "cullface": "north" },
        "east":  { "uv": [ 3, 7, 2.5, 7.5 ], "texture": "#texture2", "cullface": "north" }
    }
},
{
    "from": [ 7, 10, -3 ],
    "to": [ 9, 11, -2 ],
    "faces": {
        "up":    { "uv": [ 7.5, 2.5, 8.5, 3 ], "texture": "#texture4", "cullface": "north" },
        "north": { "uv": [ 8.5, 6.5, 7.5, 7 ], "texture": "#texture", "cullface": "north" },
        "west":  { "uv": [ 2.5, 6.5, 3, 7 ], "texture": "#texture2", "cullface": "north" },
        "east":  { "uv": [ 3, 6.5, 2.5, 7 ], "texture": "#texture2", "cullface": "north" }
    }
},
{
    "from": [ 2, 1, -2 ],
    "to": [ 14, 9, -1 ],
    "faces": {
        "down":  { "uv": [ 11, 11.5, 5, 11 ], "texture": "#texture", "cullface": "north" },
        "up":    { "uv": [ 5, 3, 11, 3.5 ], "texture": "#texture4", "cullface": "north" },
        "north": { "uv": [ 11, 7.5, 5, 11.5 ], "texture": "#texture", "cullface": "north" },
        "west":  { "uv": [ 3, 7.5, 3.5, 11.5 ], "texture": "#texture2", "cullface": "north" },
        "east":  { "uv": [ 3.5, 7.5, 3, 11.5 ], "texture": "#texture2", "cullface": "north" }
    }
},
{
    "from": [ 5, 12, -2 ],
    "to": [ 11, 13, -1 ],
    "faces": {
        "up":    { "uv": [ 6.5, 3, 9.5, 3.5 ], "texture": "#texture4", "cullface": "north" },
        "north": { "uv": [ 9.5, 5.5, 6.5, 6 ], "texture": "#texture", "cullface": "north" },
        "west":  { "uv": [ 3, 5.5, 3.5, 6 ], "texture": "#texture2", "cullface": "north" },
        "east":  { "uv": [ 3.5, 5.5, 3, 6 ], "texture": "#texture2", "cullface": "north" }
    }
},
{
    "from": [ 1, 1, -1 ],
    "to": [ 15, 12, 0 ],
    "faces": {
        "down":  { "uv": [ 11.5, 11.5, 4.5, 11 ], "texture": "#texture", "cullface": "north" },
        "up":    { "uv": [ 4.5, 3.5, 11.5, 4 ], "texture": "#texture4", "cullface": "north" },
        "north": { "uv": [ 11.5, 6, 4.5, 11.5 ], "texture": "#texture", "cullface": "north" },
        "west":  { "uv": [ 3.5, 6, 4, 11.5 ], "texture": "#texture2", "cullface": "north" },
        "east":  { "uv": [ 4, 6, 3.5, 11.5 ], "texture": "#texture2", "cullface": "north" }
    }
},
{
    "from": [ 3, 13, -1 ],
    "to": [ 13, 14, 0 ],
    "faces": {
        "up":    { "uv": [ 5.5, 3.5, 10.5, 4 ], "texture": "#texture4", "cullface": "north" },
        "north": { "uv": [ 10.5, 5, 5.5, 5.5 ], "texture": "#texture", "cullface": "north" },
        "west":  { "uv": [ 3.5, 5, 4, 5.5 ], "texture": "#texture2", "cullface": "north" },
        "east":  { "uv": [ 4, 5, 3.5, 5.5 ], "texture": "#texture2", "cullface": "north" }
    }
},
{
    "from": [ 5, 14, -1 ],
    "to": [ 11, 15, 0 ],
    "faces": {
        "up":    { "uv": [ 6.5, 3.5, 9.5, 4 ], "texture": "#texture4", "cullface": "north" },
        "north": { "uv": [ 9.5, 4.5, 6.5, 5 ], "texture": "#texture", "cullface": "north" },
        "west":  { "uv": [ 3.5, 4.5, 4, 5 ], "texture": "#texture2", "cullface": "north" },
        "east":  { "uv": [ 4, 4.5, 3.5, 5 ], "texture": "#texture2", "cullface": "north" }
    }
},
{
    "from": [ 0, 2, 0 ],
    "to": [ 16, 12, 1 ],
    "faces": {
        "down":  { "uv": [ 12, 11, 4, 10.5 ], "texture": "#texture" },
        "up":    { "uv": [ 4, 4, 12, 4.5 ], "texture": "#texture4" },
        "north": { "uv": [ 12, 6, 4, 11 ], "texture": "#texture", "cullface": "north" },
        "south": { "uv": [ 4, 6, 12, 11 ], "texture": "#texture" },
        "west":  { "uv": [ 4, 6, 4.5, 11 ], "texture": "#texture2", "cullface": "west" },
        "east":  { "uv": [ 4.5, 6, 4, 11 ], "texture": "#texture2", "cullface": "east" }
    }
},
{
    "from": [ 4, 15, 0 ],
    "to": [ 12, 16, 1 ],
    "faces": {
        "up":    { "uv": [ 6, 4, 10, 4.5 ], "texture": "#texture4", "cullface": "up" },
        "north": { "uv": [ 10, 4, 6, 4.5 ], "texture": "#texture", "cullface": "north" },
        "west":  { "uv": [ 4, 4, 4.5, 4.5 ], "texture": "#texture2" },
        "east":  { "uv": [ 4.5, 4, 4, 4.5 ], "texture": "#texture2" }
    }
},
{
    "from": [ 15, 1, 12 ],
    "to": [ 16, 15, 15 ],
    "faces": {
        "down":  { "uv": [ 11.5, 11.5, 10, 11 ], "rotation": 90, "texture": "#texture2" },
        "up":    { "uv": [ 11.5, 10, 12, 11.5 ], "texture": "#texture4" },
        "south": { "uv": [ 11.5, 4.5, 12, 11.5 ], "texture": "#texture3" },
        "west":  { "uv": [ 10, 4.5, 11.5, 11.5 ], "texture": "#texture2" },
        "east":  { "uv": [ 11.5, 4.5, 10, 11.5 ], "texture": "#texture2", "cullface": "east" }
    }
},
{
    "from": [ 0, 1, 12 ],
    "to": [ 1, 15, 15 ],
    "faces": {
        "down":  { "uv": [ 11.5, 11.5, 10, 11 ], "rotation": 90, "texture": "#texture2" },
        "up":    { "uv": [ 4, 10, 4.5, 11.5 ], "texture": "#texture4" },
        "south": { "uv": [ 4, 4.5, 4.5, 11.5 ], "texture": "#texture3" },
        "west":  { "uv": [ 10, 4.5, 11.5, 11.5 ], "texture": "#texture2", "cullface": "west" },
        "east":  { "uv": [ 11.5, 4.5, 10, 11.5 ], "texture": "#texture2" }
    }
},
{
    "from": [ 0, 15, 3 ],
    "to": [ 16, 16, 13 ],
    "faces": {
        "down":  { "uv": [ 12, 10.5, 4, 5.5 ], "texture": "#texture4" },
        "up":    { "uv": [ 4, 5.5, 12, 10.5 ], "texture": "#texture4", "cullface": "up" },
        "north": { "uv": [ 12, 4, 4, 4.5 ], "texture": "#texture" },
        "south": { "uv": [ 4, 4, 12, 4.5 ], "texture": "#texture3" },
        "west":  { "uv": [ 5.5, 4, 10.5, 4.5 ], "texture": "#texture2", "cullface": "west" },
        "east":  { "uv": [ 10.5, 4, 5.5, 4.5 ], "texture": "#texture2", "cullface": "east" }
    }
},
{
    "from": [ 16, 1, 3 ],
    "to": [ 17, 2, 13 ],
    "faces": {
        "down":  { "uv": [ 10.5, 11.5, 5.5, 11 ], "rotation": 90, "texture": "#texture2", "cullface": "east" },
        "north": { "uv": [ 12.5, 11, 12, 11.5 ], "texture": "#texture", "cullface": "east" },
        "south": { "uv": [ 12, 11, 12.5, 11.5 ], "texture": "#texture3", "cullface": "east" },
        "west":  { "uv": [ 5.5, 11, 10.5, 11.5 ], "texture": "#texture2", "cullface": "east" },
        "east":  { "uv": [ 10.5, 11, 5.5, 11.5 ], "texture": "#texture2", "cullface": "east" }
    }
},
{
    "from": [ 16, 2, 2 ],
    "to": [ 17, 3, 14 ],
    "faces": {
        "down":  { "uv": [ 11, 11, 5, 10.5 ], "rotation": 90, "texture": "#texture2", "cullface": "east" },
        "north": { "uv": [ 12.5, 10.5, 12, 11 ], "texture": "#texture", "cullface": "east" },
        "south": { "uv": [ 12, 10.5, 12.5, 11 ], "texture": "#texture3", "cullface": "east" },
        "west":  { "uv": [ 5, 10.5, 11, 11 ], "texture": "#texture2", "cullface": "east" },
        "east":  { "uv": [ 11, 10.5, 5, 11 ], "texture": "#texture2", "cullface": "east" }
    }
},
{
    "from": [ 16, 3, 2 ],
    "to": [ 17, 12, 15 ],
    "faces": {
        "down":  { "uv": [ 11.5, 10.5, 5, 10 ], "rotation": 90, "texture": "#texture2", "cullface": "east" },
        "up":    { "uv": [ 12, 5, 12.5, 11.5 ], "texture": "#texture4", "cullface": "east" },
        "north": { "uv": [ 12.5, 6, 12, 10.5 ], "texture": "#texture", "cullface": "east" },
        "south": { "uv": [ 12, 6, 12.5, 10.5 ], "texture": "#texture3", "cullface": "east" },
        "west":  { "uv": [ 5, 6, 11.5, 10.5 ], "texture": "#texture2", "cullface": "east" },
        "east":  { "uv": [ 11.5, 6, 5, 10.5 ], "texture": "#texture2", "cullface": "east" }
    }
},
{
    "from": [ 16, 12, 3 ],
    "to": [ 17, 14, 14 ],
    "faces": {
        "up":    { "uv": [ 12, 5.5, 12.5, 11 ], "texture": "#texture4", "cullface": "east" },
        "north": { "uv": [ 12.5, 5, 12, 6 ], "texture": "#texture", "cullface": "east" },
        "south": { "uv": [ 12, 5, 12.5, 6 ], "texture": "#texture3", "cullface": "east" },
        "west":  { "uv": [ 5.5, 5, 11, 6 ], "texture": "#texture2", "cullface": "east" },
        "east":  { "uv": [ 11, 5, 5.5, 6 ], "texture": "#texture2", "cullface": "east" }
    }
},
{
    "from": [ 16, 14, 4 ],
    "to": [ 17, 15, 13 ],
    "faces": {
        "up":    { "uv": [ 12, 6, 12.5, 10.5 ], "texture": "#texture4", "cullface": "east" },
        "north": { "uv": [ 12.5, 4.5, 12, 5 ], "texture": "#texture", "cullface": "east" },
        "south": { "uv": [ 12, 4.5, 12.5, 5 ], "texture": "#texture3", "cullface": "east" },
        "west":  { "uv": [ 6, 4.5, 10.5, 5 ], "texture": "#texture2", "cullface": "east" },
        "east":  { "uv": [ 10.5, 4.5, 6, 5 ], "texture": "#texture2", "cullface": "east" }
    }
},
{
    "from": [ -1, 15, 6 ],
    "to": [ 17, 16, 11 ],
    "faces": {
        "down":  { "uv": [ 12.5, 9.5, 3.5, 7 ], "texture": "#texture4" },
        "up":    { "uv": [ 3.5, 7, 12.5, 9.5 ], "texture": "#texture4", "cullface": "up" },
        "north": { "uv": [ 12.5, 4, 3.5, 4.5 ], "texture": "#texture" },
        "south": { "uv": [ 3.5, 4, 12.5, 4.5 ], "texture": "#texture3" },
        "west":  { "uv": [ 7, 4, 9.5, 4.5 ], "texture": "#texture2" },
        "east":  { "uv": [ 9.5, 4, 7, 4.5 ], "texture": "#texture2" }
    }
},
{
    "from": [ -1, 1, 3 ],
    "to": [ 0, 2, 13 ],
    "faces": {
        "down":  { "uv": [ 10.5, 11.5, 5.5, 11 ], "rotation": 90, "texture": "#texture2", "cullface": "west" },
        "north": { "uv": [ 4, 11, 3.5, 11.5 ], "texture": "#texture", "cullface": "west" },
        "south": { "uv": [ 3.5, 11, 4, 11.5 ], "texture": "#texture3", "cullface": "west" },
        "west":  { "uv": [ 5.5, 11, 10.5, 11.5 ], "texture": "#texture2", "cullface": "west" },
        "east":  { "uv": [ 10.5, 11, 5.5, 11.5 ], "texture": "#texture2", "cullface": "west" }
    }
},
{
    "from": [ -1, 2, 2 ],
    "to": [ 0, 3, 14 ],
    "faces": {
        "down":  { "uv": [ 11, 11, 5, 10.5 ], "rotation": 90, "texture": "#texture2", "cullface": "west" },
        "north": { "uv": [ 4, 10.5, 3.5, 11 ], "texture": "#texture", "cullface": "west" },
        "south": { "uv": [ 3.5, 10.5, 4, 11 ], "texture": "#texture3", "cullface": "west" },
        "west":  { "uv": [ 5, 10.5, 11, 11 ], "texture": "#texture2", "cullface": "west" },
        "east":  { "uv": [ 11, 10.5, 5, 11 ], "texture": "#texture2", "cullface": "west" }
    }
},
{
    "from": [ -1, 3, 2 ],
    "to": [ 0, 12, 15 ],
    "faces": {
        "down":  { "uv": [ 11.5, 10.5, 5, 10 ], "rotation": 90, "texture": "#texture2", "cullface": "west" },
        "up":    { "uv": [ 3.5, 5, 4, 11.5 ], "texture": "#texture4", "cullface": "west" },
        "north": { "uv": [ 4, 6, 3.5, 10.5 ], "texture": "#texture", "cullface": "west" },
        "south": { "uv": [ 3.5, 6, 4, 10.5 ], "texture": "#texture3", "cullface": "west" },
        "west":  { "uv": [ 5, 6, 11.5, 10.5 ], "texture": "#texture2", "cullface": "west" },
        "east":  { "uv": [ 11.5, 6, 5, 10.5 ], "texture": "#texture2", "cullface": "west" }
    }
},
{
    "from": [ -1, 12, 3 ],
    "to": [ 0, 14, 14 ],
    "faces": {
        "up":    { "uv": [ 3.5, 5.5, 4, 11 ], "texture": "#texture4", "cullface": "west" },
        "north": { "uv": [ 4, 5, 3.5, 6 ], "texture": "#texture", "cullface": "west" },
        "south": { "uv": [ 3.5, 5, 4, 6 ], "texture": "#texture3", "cullface": "west" },
        "west":  { "uv": [ 5.5, 5, 11, 6 ], "texture": "#texture2", "cullface": "west" },
        "east":  { "uv": [ 11, 5, 5.5, 6 ], "texture": "#texture2", "cullface": "west" }
    }
},
{
    "from": [ -1, 14, 4 ],
    "to": [ 0, 15, 13 ],
    "faces": {
        "up":    { "uv": [ 3.5, 6, 4, 10.5 ], "texture": "#texture4", "cullface": "west" },
        "north": { "uv": [ 4, 4.5, 3.5, 5 ], "texture": "#texture", "cullface": "west" },
        "south": { "uv": [ 3.5, 4.5, 4, 5 ], "texture": "#texture3", "cullface": "west" },
        "west":  { "uv": [ 6, 4.5, 10.5, 5 ], "texture": "#texture2", "cullface": "west" },
        "east":  { "uv": [ 10.5, 4.5, 6, 5 ], "texture": "#texture2", "cullface": "west" }
    }
},
{
    "from": [ 15, 2, 15 ],
    "to": [ 16, 13, 16 ],
    "faces": {
        "down":  { "uv": [ 12, 11, 11.5, 10.5 ], "texture": "#texture3" },
        "up":    { "uv": [ 11.5, 11.5, 12, 12 ], "texture": "#texture4" },
        "south": { "uv": [ 11.5, 5.5, 12, 11 ], "texture": "#texture3", "cullface": "south" },
        "west":  { "uv": [ 11.5, 5.5, 12, 11 ], "texture": "#texture2" },
        "east":  { "uv": [ 12, 5.5, 11.5, 11 ], "texture": "#texture2", "cullface": "east" }
    }
},
{
    "from": [ 0, 2, 15 ],
    "to": [ 1, 13, 16 ],
    "faces": {
        "down":  { "uv": [ 4.5, 11, 4, 10.5 ], "texture": "#texture3" },
        "up":    { "uv": [ 4, 11.5, 4.5, 12 ], "texture": "#texture4" },
        "south": { "uv": [ 4, 5.5, 4.5, 11 ], "texture": "#texture3", "cullface": "south" },
        "west":  { "uv": [ 11.5, 5.5, 12, 11 ], "texture": "#texture2", "cullface": "west" },
        "east":  { "uv": [ 12, 5.5, 11.5, 11 ], "texture": "#texture2" }
    }
},
{
    "from": [ 17, 2, 5 ],
    "to": [ 18, 13, 12 ],
    "faces": {
        "down":  { "uv": [ 10, 11, 6.5, 10.5 ], "rotation": 90, "texture": "#texture2", "cullface": "east" },
        "up":    { "uv": [ 12.5, 6.5, 13, 10 ], "texture": "#texture4", "cullface": "east" },
        "north": { "uv": [ 13, 5.5, 12.5, 11 ], "texture": "#texture", "cullface": "east" },
        "south": { "uv": [ 12.5, 5.5, 13, 11 ], "texture": "#texture3", "cullface": "east" },
        "west":  { "uv": [ 6.5, 5.5, 10, 11 ], "texture": "#texture2", "cullface": "east" },
        "east":  { "uv": [ 10, 5.5, 6.5, 11 ], "texture": "#texture2", "cullface": "east" }
    }
},
{
    "from": [ 17, 3, 4 ],
    "to": [ 18, 12, 13 ],
    "faces": {
        "down":  { "uv": [ 10.5, 10.5, 6, 10 ], "rotation": 90, "texture": "#texture2", "cullface": "east" },
        "up":    { "uv": [ 12.5, 6, 13, 10.5 ], "texture": "#texture4", "cullface": "east" },
        "north": { "uv": [ 13, 6, 12.5, 10.5 ], "texture": "#texture", "cullface": "east" },
        "south": { "uv": [ 12.5, 6, 13, 10.5 ], "texture": "#texture3", "cullface": "east" },
        "east":  { "uv": [ 10.5, 6, 6, 10.5 ], "texture": "#texture2", "cullface": "east" }
    }
},
{
    "from": [ 17, 13, 6 ],
    "to": [ 18, 14, 11 ],
    "faces": {
        "up":    { "uv": [ 12.5, 7, 13, 9.5 ], "texture": "#texture4", "cullface": "east" },
        "north": { "uv": [ 13, 5, 12.5, 5.5 ], "texture": "#texture", "cullface": "east" },
        "south": { "uv": [ 12.5, 5, 13, 5.5 ], "texture": "#texture3", "cullface": "east" },
        "east":  { "uv": [ 9.5, 5, 7, 5.5 ], "texture": "#texture2", "cullface": "east" }
    }
},
{
    "from": [ -2, 2, 5 ],
    "to": [ -1, 13, 12 ],
    "faces": {
        "down":  { "uv": [ 10, 11, 6.5, 10.5 ], "rotation": 90, "texture": "#texture2", "cullface": "west" },
        "up":    { "uv": [ 3, 6.5, 3.5, 10 ], "texture": "#texture4", "cullface": "west" },
        "north": { "uv": [ 3.5, 5.5, 3, 11 ], "texture": "#texture", "cullface": "west" },
        "south": { "uv": [ 3, 5.5, 3.5, 11 ], "texture": "#texture3", "cullface": "west" },
        "west":  { "uv": [ 6.5, 5.5, 10, 11 ], "texture": "#texture2", "cullface": "west" },
        "east":  { "uv": [ 10, 5.5, 6.5, 11 ], "texture": "#texture2", "cullface": "west" }
    }
},
{
    "from": [ -2, 3, 4 ],
    "to": [ -1, 12, 13 ],
    "faces": {
        "down":  { "uv": [ 10.5, 10.5, 6, 10 ], "rotation": 90, "texture": "#texture2", "cullface": "west" },
        "up":    { "uv": [ 3, 6, 3.5, 10.5 ], "texture": "#texture4", "cullface": "west" },
        "north": { "uv": [ 3.5, 6, 3, 10.5 ], "texture": "#texture", "cullface": "west" },
        "south": { "uv": [ 3, 6, 3.5, 10.5 ], "texture": "#texture3", "cullface": "west" },
        "west":  { "uv": [ 6, 6, 10.5, 10.5 ], "texture": "#texture2", "cullface": "west" }
    }
},
{
    "from": [ -2, 13, 6 ],
    "to": [ -1, 14, 11 ],
    "faces": {
        "up":    { "uv": [ 3, 7, 3.5, 9.5 ], "texture": "#texture4", "cullface": "west" },
        "north": { "uv": [ 3.5, 5, 3, 5.5 ], "texture": "#texture", "cullface": "west" },
        "south": { "uv": [ 3, 5, 3.5, 5.5 ], "texture": "#texture3", "cullface": "west" },
        "west":  { "uv": [ 7, 5, 9.5, 5.5 ], "texture": "#texture2", "cullface": "west" }
    }
},
{
    "from": [ 1, 3, 15 ],
    "to": [ 15, 15, 16 ],
    "faces": {
        "down":  { "uv": [ 11.5, 10.5, 4.5, 10 ], "texture": "#texture3" },
        "up":    { "uv": [ 4.5, 11.5, 11.5, 12 ], "texture": "#texture4" },
        "north": { "uv": [ 11.5, 4.5, 4.5, 10.5 ], "texture": "#texture3" },
        "south": { "uv": [ 4.5, 4.5, 11.5, 10.5 ], "texture": "#texture3", "cullface": "south" },
        "west":  { "uv": [ 11.5, 4.5, 12, 10.5 ], "texture": "#texture2" },
        "east":  { "uv": [ 12, 4.5, 11.5, 10.5 ], "texture": "#texture2" }
    }
},
{
    "from": [ 13, 1, 15 ],
    "to": [ 15, 3, 16 ],
    "faces": {
        "down":  { "uv": [ 11.5, 11.5, 10.5, 11 ], "texture": "#texture3" },
        "north": { "uv": [ 11.5, 10.5, 10.5, 11.5 ], "texture": "#texture3" },
        "south": { "uv": [ 10.5, 10.5, 11.5, 11.5 ], "texture": "#texture3", "cullface": "south" },
        "west":  { "uv": [ 11.5, 10.5, 12, 11.5 ], "texture": "#texture2" },
        "east":  { "uv": [ 12, 10.5, 11.5, 11.5 ], "texture": "#texture2" }
    }
},
{
    "from": [ 1, 1, 15 ],
    "to": [ 3, 3, 16 ],
    "faces": {
        "down":  { "uv": [ 5.5, 11.5, 4.5, 11 ], "texture": "#texture3" },
        "north": { "uv": [ 5.5, 10.5, 4.5, 11.5 ], "texture": "#texture3" },
        "south": { "uv": [ 4.5, 10.5, 5.5, 11.5 ], "texture": "#texture3", "cullface": "south" },
        "west":  { "uv": [ 11.5, 10.5, 12, 11.5 ], "texture": "#texture2" },
        "east":  { "uv": [ 12, 10.5, 11.5, 11.5 ], "texture": "#texture2" }
    }
},
{
    "from": [ 3, 15, 15 ],
    "to": [ 13, 16, 16 ],
    "faces": {
        "up":    { "uv": [ 5.5, 11.5, 10.5, 12 ], "texture": "#texture4", "cullface": "up" },
        "south": { "uv": [ 5.5, 4, 10.5, 4.5 ], "texture": "#texture3", "cullface": "south" },
        "west":  { "uv": [ 11.5, 4, 12, 4.5 ], "texture": "#texture2" },
        "east":  { "uv": [ 12, 4, 11.5, 4.5 ], "texture": "#texture2" }
    }
},
{
    "from": [ 3, 14, 16 ],
    "to": [ 13, 15, 17 ],
    "faces": {
        "up":    { "uv": [ 5.5, 12, 10.5, 12.5 ], "texture": "#texture4", "cullface": "south" },
        "south": { "uv": [ 5.5, 4.5, 10.5, 5 ], "texture": "#texture3", "cullface": "south" },
        "west":  { "uv": [ 12, 4.5, 12.5, 5 ], "texture": "#texture2", "cullface": "south" },
        "east":  { "uv": [ 12.5, 4.5, 12, 5 ], "texture": "#texture2", "cullface": "south" }
    }
},
{
    "from": [ 2, 12, 16 ],
    "to": [ 14, 14, 17 ],
    "faces": {
        "up":    { "uv": [ 5, 12, 11, 12.5 ], "texture": "#texture4", "cullface": "south" },
        "south": { "uv": [ 5, 5, 11, 6 ], "texture": "#texture3", "cullface": "south" },
        "west":  { "uv": [ 12, 5, 12.5, 6 ], "texture": "#texture2", "cullface": "south" },
        "east":  { "uv": [ 12.5, 5, 12, 6 ], "texture": "#texture2", "cullface": "south" }
    }
},
{
    "from": [ 1, 3, 16 ],
    "to": [ 15, 12, 17 ],
    "faces": {
        "down":  { "uv": [ 11.5, 10.5, 4.5, 10 ], "texture": "#texture3", "cullface": "south" },
        "up":    { "uv": [ 4.5, 12, 11.5, 12.5 ], "texture": "#texture4", "cullface": "south" },
        "south": { "uv": [ 4.5, 6, 11.5, 10.5 ], "texture": "#texture3", "cullface": "south" },
        "west":  { "uv": [ 12, 6, 12.5, 10.5 ], "texture": "#texture2", "cullface": "south" },
        "east":  { "uv": [ 12.5, 6, 12, 10.5 ], "texture": "#texture2", "cullface": "south" }
    }
},
{
    "from": [ 2, 2, 16 ],
    "to": [ 6, 3, 17 ],
    "faces": {
        "down":  { "uv": [ 11, 11, 9, 10.5 ], "texture": "#texture3", "cullface": "south" },
        "north": { "uv": [ 7, 10.5, 5, 11 ], "texture": "#texture3", "cullface": "south" },
        "south": { "uv": [ 5, 10.5, 7, 11 ], "texture": "#texture3", "cullface": "south" },
        "west":  { "uv": [ 12, 10.5, 12.5, 11 ], "texture": "#texture2", "cullface": "south" },
        "east":  { "uv": [ 12.5, 10.5, 12, 11 ], "texture": "#texture2", "cullface": "south" }
    }
},
{
    "from": [ 10, 2, 16 ],
    "to": [ 14, 3, 17 ],
    "faces": {
        "down":  { "uv": [ 7, 11, 5, 10.5 ], "texture": "#texture3", "cullface": "south" },
        "north": { "uv": [ 11, 10.5, 9, 11 ], "texture": "#texture3", "cullface": "south" },
        "south": { "uv": [ 9, 10.5, 11, 11 ], "texture": "#texture3", "cullface": "south" },
        "west":  { "uv": [ 12, 10.5, 12.5, 11 ], "texture": "#texture2", "cullface": "south" },
        "east":  { "uv": [ 12.5, 10.5, 12, 11 ], "texture": "#texture2", "cullface": "south" }
    }
},
{
    "from": [ 5, 3, 17 ],
    "to": [ 11, 14, 18 ],
    "faces": {
        "down":  { "uv": [ 9.5, 10.5, 6.5, 10 ], "texture": "#texture3", "cullface": "south" },
        "up":    { "uv": [ 6.5, 12.5, 9.5, 13 ], "texture": "#texture4", "cullface": "south" },
        "north": { "uv": [ 9.5, 5, 6.5, 10.5 ], "texture": "#texture3", "cullface": "south" },
        "south": { "uv": [ 6.5, 5, 9.5, 10.5 ], "texture": "#texture3", "cullface": "south" },
        "west":  { "uv": [ 12.5, 5, 13, 10.5 ], "texture": "#texture2", "cullface": "south" },
        "east":  { "uv": [ 13, 5, 12.5, 10.5 ], "texture": "#texture2", "cullface": "south" }
    }
},
{
    "from": [ 4, 4, 17 ],
    "to": [ 12, 13, 18 ],
    "faces": {
        "down":  { "uv": [ 10, 10, 6, 9.5 ], "texture": "#texture3", "cullface": "south" },
        "up":    { "uv": [ 6, 12.5, 10, 13 ], "texture": "#texture4", "cullface": "south" },
        "north": { "uv": [ 10, 5.5, 6, 10 ], "texture": "#texture3", "cullface": "south" },
        "south": { "uv": [ 6, 5.5, 10, 10 ], "texture": "#texture3", "cullface": "south" },
        "west":  { "uv": [ 12.5, 5.5, 13, 10 ], "texture": "#texture2", "cullface": "south" },
        "east":  { "uv": [ 13, 5.5, 12.5, 10 ], "texture": "#texture2", "cullface": "south" }
    }
},
{
    "from": [ 3, 5, 17 ],
    "to": [ 13, 11, 18 ],
    "faces": {
        "down":  { "uv": [ 10.5, 9.5, 5.5, 9 ], "texture": "#texture3", "cullface": "south" },
        "up":    { "uv": [ 5.5, 12.5, 10.5, 13 ], "texture": "#texture4", "cullface": "south" },
        "south": { "uv": [ 5.5, 6.5, 10.5, 9.5 ], "texture": "#texture3", "cullface": "south" },
        "west":  { "uv": [ 12.5, 6.5, 13, 9.5 ], "texture": "#texture2", "cullface": "south" },
        "east":  { "uv": [ 13, 6.5, 12.5, 9.5 ], "texture": "#texture2", "cullface": "south" }
    }
},
{
    "from": [ 5, 15, 16 ],
    "to": [ 11, 16, 17 ],
    "faces": {
        "up":    { "uv": [ 6.5, 12, 9.5, 12.5 ], "texture": "#texture4", "cullface": "south" },
        "south": { "uv": [ 6.5, 4, 9.5, 4.5 ], "texture": "#texture3", "cullface": "south" },
        "west":  { "uv": [ 12, 4, 12.5, 4.5 ], "texture": "#texture2", "cullface": "south" },
        "east":  { "uv": [ 12.5, 4, 12, 4.5 ], "texture": "#texture2", "cullface": "south" }
    }
},
{
    "from": [ 0, 16, 6 ],
    "to": [ 16, 17, 11 ],
    "faces": {
        "up":    { "uv": [ 4, 7, 12, 9.5 ], "texture": "#texture4", "cullface": "up" },
        "north": { "uv": [ 12, 3.5, 4, 4 ], "texture": "#texture", "cullface": "up" },
        "south": { "uv": [ 4, 3.5, 12, 4 ], "texture": "#texture3", "cullface": "up" },
        "west":  { "uv": [ 7, 3.5, 9.5, 4 ], "texture": "#texture2", "cullface": "up" },
        "east":  { "uv": [ 9.5, 3.5, 7, 4 ], "texture": "#texture2", "cullface": "up" }
    }
},
{
    "from": [ 1, 16, 3 ],
    "to": [ 15, 17, 13 ],
    "faces": {
        "up":    { "uv": [ 4.5, 5.5, 11.5, 10.5 ], "texture": "#texture4", "cullface": "up" },
        "north": { "uv": [ 11.5, 3.5, 4.5, 4 ], "texture": "#texture", "cullface": "up" },
        "south": { "uv": [ 4.5, 3.5, 11.5, 4 ], "texture": "#texture3", "cullface": "up" },
        "west":  { "uv": [ 5.5, 3.5, 10.5, 4 ], "texture": "#texture2", "cullface": "up" },
        "east":  { "uv": [ 10.5, 3.5, 5.5, 4 ], "texture": "#texture2", "cullface": "up" }
    }
},
{
    "from": [ 2, 16, 2 ],
    "to": [ 14, 17, 14 ],
    "faces": {
        "up":    { "uv": [ 5, 5, 11, 11 ], "texture": "#texture4", "cullface": "up" },
        "north": { "uv": [ 11, 3.5, 5, 4 ], "texture": "#texture", "cullface": "up" },
        "south": { "uv": [ 5, 3.5, 11, 4 ], "texture": "#texture3", "cullface": "up" },
        "west":  { "uv": [ 5, 3.5, 11, 4 ], "texture": "#texture2", "cullface": "up" },
        "east":  { "uv": [ 11, 3.5, 5, 4 ], "texture": "#texture2", "cullface": "up" }
    }
},
{
    "from": [ 4, 16, 1 ],
    "to": [ 12, 17, 2 ],
    "faces": {
        "up":    { "uv": [ 6, 4.5, 10, 5 ], "texture": "#texture4", "cullface": "up" },
        "north": { "uv": [ 10, 3.5, 6, 4 ], "texture": "#texture", "cullface": "up" },
        "west":  { "uv": [ 4.5, 3.5, 5, 4 ], "texture": "#texture2", "cullface": "up" },
        "east":  { "uv": [ 5, 3.5, 4.5, 4 ], "texture": "#texture2", "cullface": "up" }
    }
},
{
    "from": [ 3, 16, 14 ],
    "to": [ 13, 17, 15 ],
    "faces": {
        "up":    { "uv": [ 5.5, 11, 10.5, 11.5 ], "texture": "#texture4", "cullface": "up" },
        "south": { "uv": [ 5.5, 3.5, 10.5, 4 ], "texture": "#texture3", "cullface": "up" },
        "west":  { "uv": [ 11, 3.5, 11.5, 4 ], "texture": "#texture2", "cullface": "up" },
        "east":  { "uv": [ 11.5, 3.5, 11, 4 ], "texture": "#texture2", "cullface": "up" }
    }
},
{
    "from": [ 5, 16, 15 ],
    "to": [ 11, 17, 16 ],
    "faces": {
        "up":    { "uv": [ 6.5, 11.5, 9.5, 12 ], "texture": "#texture4", "cullface": "up" },
        "south": { "uv": [ 6.5, 3.5, 9.5, 4 ], "texture": "#texture3", "cullface": "up" },
        "west":  { "uv": [ 11.5, 3.5, 12, 4 ], "texture": "#texture2", "cullface": "up" },
        "east":  { "uv": [ 12, 3.5, 11.5, 4 ], "texture": "#texture2", "cullface": "up" }
    }
},
{
    "from": [ 2, 17, 7 ],
    "to": [ 14, 18, 10 ],
    "faces": {
        "up":    { "uv": [ 5, 7.5, 11, 9 ], "texture": "#texture4", "cullface": "up" },
        "north": { "uv": [ 11, 3, 5, 3.5 ], "texture": "#texture", "cullface": "up" },
        "south": { "uv": [ 5, 3, 11, 3.5 ], "texture": "#texture3", "cullface": "up" },
        "west":  { "uv": [ 7.5, 3, 9, 3.5 ], "texture": "#texture2", "cullface": "up" },
        "east":  { "uv": [ 9, 3, 7.5, 3.5 ], "texture": "#texture2", "cullface": "up" }
    }
},
{
    "from": [ 3, 17, 5 ],
    "to": [ 13, 18, 12 ],
    "faces": {
        "up":    { "uv": [ 5.5, 6.5, 10.5, 10 ], "texture": "#texture4", "cullface": "up" },
        "north": { "uv": [ 10.5, 3, 5.5, 3.5 ], "texture": "#texture", "cullface": "up" },
        "south": { "uv": [ 5.5, 3, 10.5, 3.5 ], "texture": "#texture3", "cullface": "up" },
        "west":  { "uv": [ 6.5, 3, 10, 3.5 ], "texture": "#texture2", "cullface": "up" },
        "east":  { "uv": [ 10, 3, 6.5, 3.5 ], "texture": "#texture2", "cullface": "up" }
    }
},
{
    "from": [ 4, 17, 4 ],
    "to": [ 12, 18, 13 ],
    "faces": {
        "up":    { "uv": [ 6, 6, 10, 10.5 ], "texture": "#texture4", "cullface": "up" },
        "north": { "uv": [ 10, 3, 6, 3.5 ], "texture": "#texture", "cullface": "up" },
        "south": { "uv": [ 6, 3, 10, 3.5 ], "texture": "#texture3", "cullface": "up" },
        "west":  { "uv": [ 6, 3, 10.5, 3.5 ], "texture": "#texture2", "cullface": "up" },
        "east":  { "uv": [ 10.5, 3, 6, 3.5 ], "texture": "#texture2", "cullface": "up" }
    }
},
{
    "from": [ 6, 17, 3 ],
    "to": [ 10, 18, 14 ],
    "faces": {
        "up":    { "uv": [ 7, 5.5, 9, 11 ], "texture": "#texture4", "cullface": "up" },
        "north": { "uv": [ 9, 3, 7, 3.5 ], "texture": "#texture", "cullface": "up" },
        "south": { "uv": [ 7, 3, 9, 3.5 ], "texture": "#texture3", "cullface": "up" },
        "west":  { "uv": [ 5.5, 3, 11, 3.5 ], "texture": "#texture2", "cullface": "up" },
        "east":  { "uv": [ 11, 3, 5.5, 3.5 ], "texture": "#texture2", "cullface": "up" }
    }
}
],
"display": {
    "thirdperson": {
        "rotation": [ 0, 0, 180 ],
        "translation": [ 0, 2.5, -1 ],
        "scale": [ 0.6, 0.6, 0.6 ]
    },
    "head": {
        "rotation": [ 0, 0, 0 ],
        "translation": [ 0, 0, 0 ],
        "scale": [ 1, 1, 1 ]
    },
    "gui": {
        "rotation": [ 30, -45, 0 ],
        "translation": [ 0, -1.1, 0 ],
        "scale": [ 0.8, 0.8, 0.8 ]
    }
}
}