{
"__comment": "Designed by Hypixel minecraft server with BDcraft Cubik PRO 0.90 Beta - http://bdcraft.net",
"textures": {
    "particle": "items/brick",
    "texture": "items/brick"
},
"elements": [ 
{
    "from": [ 4.5, 0, 7 ],
    "to": [ 11.5, 0.5, 9 ],
    "faces": {
        "down":  { "uv": [ 4.5, 15.5, 5, 16 ], "texture": "#texture", "cullface": "down" },
        "up":    { "uv": [ 5, 15.5, 5.5, 16 ], "texture": "#texture" },
        "north": { "uv": [ 5, 15.5, 11, 16 ], "texture": "#texture" },
        "south": { "uv": [ 5, 15.5, 11, 16 ], "texture": "#texture" },
        "west":  { "uv": [ 7, 15.5, 9, 16 ], "texture": "#texture" },
        "east":  { "uv": [ 7, 15.5, 9, 16 ], "texture": "#texture" }
    }
},
{
    "from": [ 7, 0, 4.5 ],
    "to": [ 9, 0.5, 11.5 ],
    "faces": {
        "down":  { "uv": [ 4.5, 15.5, 5, 16 ], "texture": "#texture", "cullface": "down" },
        "up":    { "uv": [ 5, 15.5, 5.5, 16 ], "texture": "#texture" },
        "north": { "uv": [ 7, 15.5, 9, 16 ], "texture": "#texture" },
        "south": { "uv": [ 7, 15.5, 9, 16 ], "texture": "#texture" },
        "west":  { "uv": [ 5, 15.5, 11, 16 ], "texture": "#texture" },
        "east":  { "uv": [ 5, 15.5, 11, 16 ], "texture": "#texture" }
    }
},
{
    "from": [ 5, 0, 5.5 ],
    "to": [ 11, 0.5, 10.5 ],
    "faces": {
        "down":  { "uv": [ 4.5, 15.5, 5, 16 ], "texture": "#texture", "cullface": "down" },
        "up":    { "uv": [ 5, 15.5, 5.5, 16 ], "texture": "#texture" },
        "north": { "uv": [ 5, 15.5, 11, 16 ], "texture": "#texture" },
        "south": { "uv": [ 5, 15.5, 11, 16 ], "texture": "#texture" },
        "west":  { "uv": [ 5.5, 15.5, 10.5, 16 ], "texture": "#texture" },
        "east":  { "uv": [ 5.5, 15.5, 10.5, 16 ], "texture": "#texture" }
    }
},
{
    "from": [ 5.5, 0, 5 ],
    "to": [ 10.5, 0.5, 11 ],
    "faces": {
        "down":  { "uv": [ 4.5, 15.5, 5, 16 ], "texture": "#texture", "cullface": "down" },
        "up":    { "uv": [ 5, 15.5, 5.5, 16 ], "texture": "#texture" },
        "north": { "uv": [ 5.5, 15.5, 10.5, 16 ], "texture": "#texture" },
        "south": { "uv": [ 5.5, 15.5, 10.5, 16 ], "texture": "#texture" },
        "west":  { "uv": [ 5, 15.5, 11, 16 ], "texture": "#texture" },
        "east":  { "uv": [ 5, 15.5, 11, 16 ], "texture": "#texture" }
    }
},
{
    "from": [ 5, 0.5, 6.5 ],
    "to": [ 11, 1, 9.5 ],
    "faces": {
        "up":    { "uv": [ 6.5, 6.5, 7, 7 ], "texture": "#texture" },
        "north": { "uv": [ 6, 15, 10.5, 15.5 ], "texture": "#texture" },
        "south": { "uv": [ 6, 15, 10.5, 15.5 ], "texture": "#texture" },
        "west":  { "uv": [ 6.5, 15, 9.5, 15.5 ], "texture": "#texture" },
        "east":  { "uv": [ 6.5, 15, 9.5, 15.5 ], "texture": "#texture" }
    }
},
{
    "from": [ 6.5, 0.5, 5 ],
    "to": [ 9.5, 1, 11 ],
    "faces": {
        "up":    { "uv": [ 6.5, 6.5, 7, 7 ], "texture": "#texture" },
        "north": { "uv": [ 6.5, 15, 9.5, 15.5 ], "texture": "#texture" },
        "south": { "uv": [ 6.5, 15, 9.5, 15.5 ], "texture": "#texture" },
        "west":  { "uv": [ 6, 15, 10.5, 15.5 ], "texture": "#texture" },
        "east":  { "uv": [ 6, 15, 10.5, 15.5 ], "texture": "#texture" }
    }
},
{
    "from": [ 5.5, 0.5, 5.5 ],
    "to": [ 10.5, 1, 10.5 ],
    "faces": {
        "up":    { "uv": [ 6.5, 6.5, 7, 7 ], "texture": "#texture" },
        "north": { "uv": [ 10.5, 15, 5.5, 15.5 ], "texture": "#texture" },
        "south": { "uv": [ 10.5, 15, 5.5, 15.5 ], "texture": "#texture" },
        "west":  { "uv": [ 5.5, 15, 10.5, 15.5 ], "texture": "#texture" },
        "east":  { "uv": [ 5.5, 15, 10.5, 15.5 ], "texture": "#texture" }
    }
},
{
    "from": [ 7.5, 1, 7.5 ],
    "to": [ 8.5, 3.5, 8.5 ],
    "faces": {
        "north": { "uv": [ 7.5, 12.5, 8.5, 15 ], "texture": "#texture" },
        "south": { "uv": [ 7.5, 12.5, 8.5, 15 ], "texture": "#texture" },
        "west":  { "uv": [ 7.5, 12.5, 8.5, 15 ], "texture": "#texture" },
        "east":  { "uv": [ 7.5, 12.5, 8.5, 15 ], "texture": "#texture" }
    }
},
{
    "from": [ 7.25, 1.5, 7.5 ],
    "to": [ 8.75, 3, 8.5 ],
    "faces": {
        "down":  { "uv": [ 7, 14, 7.5, 14.5 ], "texture": "#texture" },
        "up":    { "uv": [ 7.5, 13, 8, 13.5 ], "texture": "#texture" },
        "north": { "uv": [ 8, 13, 9, 14.5 ], "texture": "#texture" },
        "south": { "uv": [ 8, 13, 9, 14.5 ], "texture": "#texture" },
        "west":  { "uv": [ 7.5, 13, 8.5, 14.5 ], "texture": "#texture" },
        "east":  { "uv": [ 7.5, 13, 8.5, 14.5 ], "texture": "#texture" }
    }
},
{
    "from": [ 7.5, 1.5, 7.25 ],
    "to": [ 8.5, 3, 8.75 ],
    "faces": {
        "down":  { "uv": [ 7, 14, 7.5, 14.5 ], "texture": "#texture" },
        "up":    { "uv": [ 7.5, 13, 8, 13.5 ], "texture": "#texture" },
        "north": { "uv": [ 7.5, 13, 8.5, 14.5 ], "texture": "#texture" },
        "south": { "uv": [ 7.5, 13, 8.5, 14.5 ], "texture": "#texture" },
        "west":  { "uv": [ 8, 13, 9, 14.5 ], "texture": "#texture" },
        "east":  { "uv": [ 8, 13, 9, 14.5 ], "texture": "#texture" }
    }
},
{
    "from": [ 7, 3.5, 7.5 ],
    "to": [ 9, 4, 8.5 ],
    "faces": {
        "down":  { "uv": [ 6, 11, 6.5, 11.5 ], "texture": "#texture" },
        "north": { "uv": [ 7, 12, 9, 12.5 ], "texture": "#texture" },
        "south": { "uv": [ 7, 12, 9, 12.5 ], "texture": "#texture" },
        "west":  { "uv": [ 7.5, 12, 8.5, 12.5 ], "texture": "#texture" },
        "east":  { "uv": [ 7.5, 12, 8.5, 12.5 ], "texture": "#texture" }
    }
},
{
    "from": [ 7.5, 3.5, 7 ],
    "to": [ 8.5, 4, 9 ],
    "faces": {
        "down":  { "uv": [ 6, 11, 6.5, 11.5 ], "texture": "#texture" },
        "north": { "uv": [ 7.5, 12, 8.5, 12.5 ], "texture": "#texture" },
        "south": { "uv": [ 7.5, 12, 8.5, 12.5 ], "texture": "#texture" },
        "west":  { "uv": [ 7, 12, 9, 12.5 ], "texture": "#texture" },
        "east":  { "uv": [ 7, 12, 9, 12.5 ], "texture": "#texture" }
    }
},
{
    "from": [ 6.5, 4, 7.5 ],
    "to": [ 9.5, 4.5, 8.5 ],
    "faces": {
        "down":  { "uv": [ 5, 10.5, 5.5, 11 ], "texture": "#texture" },
        "north": { "uv": [ 6.5, 11.5, 9.5, 12 ], "texture": "#texture" },
        "south": { "uv": [ 6.5, 11.5, 9.5, 12 ], "texture": "#texture" },
        "west":  { "uv": [ 7.5, 11.5, 8.5, 12 ], "texture": "#texture" },
        "east":  { "uv": [ 7.5, 11.5, 8.5, 12 ], "texture": "#texture" }
    }
},
{
    "from": [ 7.5, 4, 6.5 ],
    "to": [ 8.5, 4.5, 9.5 ],
    "faces": {
        "down":  { "uv": [ 5, 10.5, 5.5, 11 ], "texture": "#texture" },
        "north": { "uv": [ 7.5, 11.5, 8.5, 12 ], "texture": "#texture" },
        "south": { "uv": [ 7.5, 11.5, 8.5, 12 ], "texture": "#texture" },
        "west":  { "uv": [ 6.5, 11.5, 9.5, 12 ], "texture": "#texture" },
        "east":  { "uv": [ 6.5, 11.5, 9.5, 12 ], "texture": "#texture" }
    }
},
{
    "from": [ 7, 4, 7 ],
    "to": [ 9, 4.5, 9 ],
    "faces": {
        "down":  { "uv": [ 5, 10.5, 5.5, 11 ], "texture": "#texture" },
        "north": { "uv": [ 7, 11.5, 9, 12 ], "texture": "#texture" },
        "south": { "uv": [ 7, 11.5, 9, 12 ], "texture": "#texture" },
        "west":  { "uv": [ 7, 11.5, 9, 12 ], "texture": "#texture" },
        "east":  { "uv": [ 7, 11.5, 9, 12 ], "texture": "#texture" }
    }
},
{
    "from": [ 6.5, 4.5, 6.5 ],
    "to": [ 9.5, 5, 9.5 ],
    "faces": {
        "down":  { "uv": [ 6, 11, 6.5, 11.5 ], "texture": "#texture" },
        "north": { "uv": [ 6.5, 11, 9.5, 11.5 ], "texture": "#texture" },
        "south": { "uv": [ 6.5, 11, 9.5, 11.5 ], "texture": "#texture" },
        "west":  { "uv": [ 6.5, 11, 9.5, 11.5 ], "texture": "#texture" },
        "east":  { "uv": [ 6.5, 11, 9.5, 11.5 ], "texture": "#texture" }
    }
},
{
    "from": [ 6, 4.5, 7 ],
    "to": [ 10, 5, 9 ],
    "faces": {
        "down":  { "uv": [ 6, 11, 6.5, 11.5 ], "texture": "#texture" },
        "north": { "uv": [ 6, 11, 10, 11.5 ], "texture": "#texture" },
        "south": { "uv": [ 6, 11, 10, 11.5 ], "texture": "#texture" },
        "west":  { "uv": [ 7, 11, 9, 11.5 ], "texture": "#texture" },
        "east":  { "uv": [ 7, 11, 9, 11.5 ], "texture": "#texture" }
    }
},
{
    "from": [ 7, 4.5, 6 ],
    "to": [ 9, 5, 10 ],
    "faces": {
        "down":  { "uv": [ 6, 11, 6.5, 11.5 ], "texture": "#texture" },
        "north": { "uv": [ 7, 11, 9, 11.5 ], "texture": "#texture" },
        "south": { "uv": [ 7, 11, 9, 11.5 ], "texture": "#texture" },
        "west":  { "uv": [ 6, 11, 10, 11.5 ], "texture": "#texture" },
        "east":  { "uv": [ 6, 11, 10, 11.5 ], "texture": "#texture" }
    }
},
{
    "from": [ 4.5, 5, 7 ],
    "to": [ 11.5, 5.5, 9 ],
    "faces": {
        "down":  { "uv": [ 5, 10.5, 5.5, 11 ], "texture": "#texture" },
        "up":    { "uv": [ 4.5, 10.5, 5, 11 ], "texture": "#texture" },
        "north": { "uv": [ 5, 10.5, 11, 11 ], "texture": "#texture" },
        "south": { "uv": [ 5, 10.5, 11, 11 ], "texture": "#texture" },
        "west":  { "uv": [ 7, 10.5, 9, 11 ], "texture": "#texture" },
        "east":  { "uv": [ 7, 10.5, 9, 11 ], "texture": "#texture" }
    }
},
{
    "from": [ 7, 5, 4.5 ],
    "to": [ 9, 5.5, 11.5 ],
    "faces": {
        "down":  { "uv": [ 5, 10.5, 5.5, 11 ], "texture": "#texture" },
        "up":    { "uv": [ 4.5, 10.5, 5, 11 ], "texture": "#texture" },
        "north": { "uv": [ 7, 10.5, 9, 11 ], "texture": "#texture" },
        "south": { "uv": [ 7, 10.5, 9, 11 ], "texture": "#texture" },
        "west":  { "uv": [ 5, 10.5, 11, 11 ], "texture": "#texture" },
        "east":  { "uv": [ 5, 10.5, 11, 11 ], "texture": "#texture" }
    }
},
{
    "from": [ 5.5, 5, 5 ],
    "to": [ 10.5, 5.5, 11 ],
    "faces": {
        "down":  { "uv": [ 5, 10.5, 5.5, 11 ], "texture": "#texture" },
        "up":    { "uv": [ 4.5, 10.5, 5, 11 ], "texture": "#texture" },
        "north": { "uv": [ 5.5, 10.5, 10.5, 11 ], "texture": "#texture" },
        "south": { "uv": [ 5.5, 10.5, 10.5, 11 ], "texture": "#texture" },
        "west":  { "uv": [ 5, 10.5, 11, 11 ], "texture": "#texture" },
        "east":  { "uv": [ 5, 10.5, 11, 11 ], "texture": "#texture" }
    }
},
{
    "from": [ 5, 5, 5.5 ],
    "to": [ 11, 5.5, 10.5 ],
    "faces": {
        "down":  { "uv": [ 5, 10.5, 5.5, 11 ], "texture": "#texture" },
        "up":    { "uv": [ 4.5, 10.5, 5, 11 ], "texture": "#texture" },
        "north": { "uv": [ 5, 10.5, 11, 11 ], "texture": "#texture" },
        "south": { "uv": [ 5, 10.5, 11, 11 ], "texture": "#texture" },
        "west":  { "uv": [ 5.5, 10.5, 10.5, 11 ], "texture": "#texture" },
        "east":  { "uv": [ 5.5, 10.5, 10.5, 11 ], "texture": "#texture" }
    }
},
{
    "from": [ 4, 5.5, 6.5 ],
    "to": [ 5, 9.5, 9.5 ],
    "faces": {
        "down":  { "uv": [ 2.5, 16, 1.5, 13 ], "texture": "#texture" },
        "up":    { "uv": [ 0, 13, 3, 12 ], "rotation": 90, "texture": "#texture" },
        "north": { "uv": [ 4, 6.5, 5, 10.5 ], "texture": "#texture" },
        "south": { "uv": [ 4, 6.5, 5, 10.5 ], "texture": "#texture" },
        "west":  { "uv": [ 0, 12, 3, 16 ], "texture": "#texture" },
        "east":  { "uv": [ 0.5, 12, 3.5, 16 ], "texture": "#texture" }
    }
},
{
    "from": [ 11, 5.5, 6.5 ],
    "to": [ 12, 9.5, 9.5 ],
    "faces": {
        "down":  { "uv": [ 12, 10, 9, 10.5 ], "rotation": 90, "texture": "#texture" },
        "up":    { "uv": [ 0, 12, 3, 13 ], "rotation": 90, "texture": "#texture" },
        "north": { "uv": [ 4, 6.5, 5, 10.5 ], "texture": "#texture" },
        "south": { "uv": [ 11, 6.5, 12, 10.5 ], "texture": "#texture" },
        "west":  { "uv": [ 9, 6.5, 12, 10.5 ], "texture": "#texture" },
        "east":  { "uv": [ 12, 6.5, 9, 10.5 ], "texture": "#texture" }
    }
},
{
    "from": [ 6.5, 5.5, 4 ],
    "to": [ 9.5, 9.5, 5 ],
    "faces": {
        "down":  { "uv": [ 9.5, 11, 6.5, 10 ], "texture": "#texture" },
        "up":    { "uv": [ 9.5, 6.5, 6.5, 7.5 ], "texture": "#texture" },
        "north": { "uv": [ 6.5, 6.5, 9.5, 10.5 ], "texture": "#texture" },
        "south": { "uv": [ 0.5, 12, 3.5, 16 ], "texture": "#texture" },
        "west":  { "uv": [ 4, 6.5, 5, 10.5 ], "texture": "#texture" },
        "east":  { "uv": [ 6, 6.5, 7, 10.5 ], "texture": "#texture" }
    }
},
{
    "from": [ 6.5, 5.5, 11 ],
    "to": [ 9.5, 9.5, 12 ],
    "faces": {
        "down":  { "uv": [ 6.5, 10, 9.5, 10.5 ], "texture": "#texture" },
        "up":    { "uv": [ 0.5, 13, 3.5, 12 ], "texture": "#texture" },
        "north": { "uv": [ 0.5, 12, 3.5, 16 ], "texture": "#texture" },
        "south": { "uv": [ 6.5, 6.5, 9.5, 10.5 ], "texture": "#texture" },
        "west":  { "uv": [ 6, 6.5, 7, 10.5 ], "texture": "#texture" },
        "east":  { "uv": [ 4, 6.5, 5, 10.5 ], "texture": "#texture" }
    }
},
{
    "from": [ 4.5, 5.5, 9 ],
    "to": [ 5.5, 9.5, 10.5 ],
    "faces": {
        "down":  { "uv": [ 3, 15, 2, 13.5 ], "texture": "#texture" },
        "up":    { "uv": [ 4, 8, 5, 6.5 ], "texture": "#texture" },
        "north": { "uv": [ 1, 12, 2, 16 ], "texture": "#texture" },
        "south": { "uv": [ 10, 6.5, 11, 10.5 ], "texture": "#texture" },
        "west":  { "uv": [ 9, 6.5, 10.5, 10.5 ], "texture": "#texture" },
        "east":  { "uv": [ 1, 12, 2.5, 16 ], "texture": "#texture" }
    }
},
{
    "from": [ 4.5, 5.5, 5.5 ],
    "to": [ 5.5, 9.5, 7 ],
    "faces": {
        "down":  { "uv": [ 2.5, 15, 1.5, 13.5 ], "texture": "#texture" },
        "up":    { "uv": [ 5.5, 8.5, 4.5, 10 ], "texture": "#texture" },
        "north": { "uv": [ 4, 6.5, 5, 10.5 ], "texture": "#texture" },
        "south": { "uv": [ 1.5, 12, 2.5, 16 ], "texture": "#texture" },
        "west":  { "uv": [ 4, 6.5, 5.5, 10.5 ], "texture": "#texture" },
        "east":  { "uv": [ 9, 6.5, 10.5, 10.5 ], "texture": "#texture" }
    }
},
{
    "from": [ 5.5, 5.5, 4.5 ],
    "to": [ 7, 9.5, 5.5 ],
    "faces": {
        "down":  { "uv": [ 9.5, 10.5, 11, 9.5 ], "texture": "#texture" },
        "up":    { "uv": [ 6, 10.5, 4.5, 9.5 ], "texture": "#texture" },
        "north": { "uv": [ 9, 6.5, 10.5, 10.5 ], "texture": "#texture" },
        "south": { "uv": [ 0.5, 12, 2, 16 ], "texture": "#texture" },
        "west":  { "uv": [ 10, 6.5, 11, 10.5 ], "texture": "#texture" },
        "east":  { "uv": [ 1, 12, 2, 16 ], "texture": "#texture" }
    }
},
{
    "from": [ 9.5, 5.5, 4.5 ],
    "to": [ 10.5, 9.5, 5.5 ],
    "faces": {
        "down":  { "uv": [ 11, 9.5, 10, 8 ], "rotation": 90, "texture": "#texture" },
        "up":    { "uv": [ 6, 15, 5, 16 ], "texture": "#texture" },
        "north": { "uv": [ 10.5, 6.5, 11, 10.5 ], "texture": "#texture" },
        "south": { "uv": [ 1, 12, 2, 16 ], "texture": "#texture" },
        "west":  { "uv": [ 1, 12, 2, 16 ], "texture": "#texture" },
        "east":  { "uv": [ 10, 6.5, 11, 10.5 ], "texture": "#texture" }
    }
},
{
    "from": [ 10.5, 5.5, 5.5 ],
    "to": [ 11.5, 9.5, 7 ],
    "faces": {
        "down":  { "uv": [ 3, 15, 2, 13.5 ], "texture": "#texture" },
        "up":    { "uv": [ 6.5, 10.5, 5, 9.5 ], "rotation": 90, "texture": "#texture" },
        "north": { "uv": [ 10, 6.5, 11, 10.5 ], "texture": "#texture" },
        "south": { "uv": [ 1.5, 12, 2.5, 16 ], "texture": "#texture" },
        "west":  { "uv": [ 1.5, 12, 3, 16 ], "texture": "#texture" },
        "east":  { "uv": [ 9, 6.5, 10.5, 10.5 ], "texture": "#texture" }
    }
},
{
    "from": [ 10.5, 5.5, 9 ],
    "to": [ 11.5, 9.5, 10.5 ],
    "faces": {
        "down":  { "uv": [ 12, 9.5, 11, 8 ], "texture": "#texture" },
        "up":    { "uv": [ 4.5, 9, 6, 10 ], "rotation": 90, "texture": "#texture" },
        "north": { "uv": [ 10.5, 6.5, 11.5, 10.5 ], "texture": "#texture" },
        "south": { "uv": [ 10.5, 6.5, 11.5, 10.5 ], "texture": "#texture" },
        "west":  { "uv": [ 12, 6.5, 10.5, 10.5 ], "texture": "#texture" },
        "east":  { "uv": [ 12, 6.5, 10.5, 10.5 ], "texture": "#texture" }
    }
},
{
    "from": [ 9, 5.5, 10.5 ],
    "to": [ 10.5, 9.5, 11.5 ],
    "faces": {
        "down":  { "uv": [ 3, 14, 1.5, 13 ], "texture": "#texture" },
        "up":    { "uv": [ 4, 8.5, 5.5, 7.5 ], "texture": "#texture" },
        "north": { "uv": [ 11.5, 6.5, 10, 10.5 ], "texture": "#texture" },
        "south": { "uv": [ 9, 6.5, 10.5, 10.5 ], "texture": "#texture" },
        "west":  { "uv": [ 10, 6.5, 11, 10.5 ], "texture": "#texture" },
        "east":  { "uv": [ 10, 6.5, 11, 10.5 ], "texture": "#texture" }
    }
},
{
    "from": [ 5.5, 5.5, 10.5 ],
    "to": [ 7, 9.5, 11.5 ],
    "faces": {
        "down":  { "uv": [ 5.5, 9.5, 7, 10.5 ], "texture": "#texture" },
        "up":    { "uv": [ 6, 10, 4.5, 9 ], "texture": "#texture" },
        "north": { "uv": [ 9, 6.5, 10.5, 10.5 ], "texture": "#texture" },
        "south": { "uv": [ 5.5, 6.5, 7, 10.5 ], "texture": "#texture" },
        "west":  { "uv": [ 5, 6.5, 6, 10.5 ], "texture": "#texture" },
        "east":  { "uv": [ 0.5, 12, 1.5, 16 ], "texture": "#texture" }
    }
},
{
    "from": [ 5, 5.5, 10 ],
    "to": [ 6, 9.5, 11 ],
    "faces": {
        "down":  { "uv": [ 3, 14.5, 2, 13.5 ], "texture": "#texture" },
        "up":    { "uv": [ 5.5, 7.5, 4.5, 6.5 ], "texture": "#texture" },
        "north": { "uv": [ 2, 12, 3, 16 ], "texture": "#texture" },
        "south": { "uv": [ 5, 6.5, 6, 10.5 ], "texture": "#texture" },
        "west":  { "uv": [ 4.5, 6.5, 5.5, 10.5 ], "texture": "#texture" },
        "east":  { "uv": [ 1, 12, 2, 16 ], "texture": "#texture" }
    }
},
{
    "from": [ 5, 5.5, 5 ],
    "to": [ 6, 9.5, 6 ],
    "faces": {
        "down":  { "uv": [ 11, 9, 10, 8 ], "texture": "#texture" },
        "up":    { "uv": [ 5.5, 15, 6.5, 16 ], "texture": "#texture" },
        "north": { "uv": [ 10, 6.5, 11, 10.5 ], "texture": "#texture" },
        "south": { "uv": [ 1, 12, 2, 16 ], "texture": "#texture" },
        "west":  { "uv": [ 10.5, 6.5, 11.5, 10.5 ], "texture": "#texture" },
        "east":  { "uv": [ 1.5, 12, 2.5, 16 ], "texture": "#texture" }
    }
},
{
    "from": [ 10, 5.5, 5 ],
    "to": [ 11, 9.5, 6 ],
    "faces": {
        "down":  { "uv": [ 11, 9, 10, 8 ], "texture": "#texture" },
        "up":    { "uv": [ 5, 15, 6, 16 ], "rotation": 90, "texture": "#texture" },
        "north": { "uv": [ 10.5, 6.5, 11.5, 10.5 ], "texture": "#texture" },
        "south": { "uv": [ 1, 12, 2, 16 ], "texture": "#texture" },
        "west":  { "uv": [ 0.5, 12, 1.5, 16 ], "texture": "#texture" },
        "east":  { "uv": [ 10, 6.5, 11, 10.5 ], "texture": "#texture" }
    }
},
{
    "from": [ 10, 5.5, 10 ],
    "to": [ 11, 9.5, 11 ],
    "faces": {
        "down":  { "uv": [ 11, 9.5, 10, 8.5 ], "texture": "#texture" },
        "up":    { "uv": [ 5, 9, 6, 10 ], "rotation": 90, "texture": "#texture" },
        "north": { "uv": [ 10, 6.5, 11, 10.5 ], "texture": "#texture" },
        "south": { "uv": [ 10, 6.5, 11, 10.5 ], "texture": "#texture" },
        "west":  { "uv": [ 10.5, 6.5, 11.5, 10.5 ], "texture": "#texture" },
        "east":  { "uv": [ 10.5, 6.5, 11.5, 10.5 ], "texture": "#texture" }
    }
},
{
    "from": [ 2.5, 8.5, 7.5 ],
    "to": [ 4, 9, 8.5 ],
    "faces": {
        "down":  { "uv": [ 13.5, 7.5, 12, 7 ], "texture": "#texture" },
        "up":    { "uv": [ 2.5, 7, 4, 7.5 ], "texture": "#texture" },
        "north": { "uv": [ 12, 7, 13.5, 7.5 ], "texture": "#texture" },
        "south": { "uv": [ 2.5, 7, 4, 7.5 ], "texture": "#texture" },
        "west":  { "uv": [ 2.5, 7, 3, 7.5 ], "texture": "#texture" }
    }
},
{
    "from": [ 12, 8.5, 7.5 ],
    "to": [ 13.5, 9, 8.5 ],
    "faces": {
        "down":  { "uv": [ 5, 9.5, 6.5, 10.5 ], "texture": "#texture" },
        "up":    { "uv": [ 5, 9.5, 6.5, 10.5 ], "texture": "#texture" },
        "north": { "uv": [ 6.5, 9.5, 5, 10 ], "texture": "#texture" },
        "south": { "uv": [ 5, 9.5, 6.5, 10 ], "texture": "#texture" },
        "east":  { "uv": [ 10.5, 6.5, 11.5, 7 ], "texture": "#texture" }
    }
},
{
    "from": [ 2.5, 7, 7.5 ],
    "to": [ 3, 8.5, 8.5 ],
    "faces": {
        "down":  { "uv": [ 3, 9, 2.5, 8 ], "texture": "#texture" },
        "north": { "uv": [ 2.5, 7.5, 3, 9 ], "texture": "#texture" },
        "south": { "uv": [ 2.5, 7.5, 3, 9 ], "texture": "#texture" },
        "west":  { "uv": [ 2.5, 7.5, 3, 9 ], "texture": "#texture" },
        "east":  { "uv": [ 2.5, 7.5, 3, 9 ], "texture": "#texture" }
    }
},
{
    "from": [ 3, 6.5, 7.5 ],
    "to": [ 4, 7, 8.5 ],
    "faces": {
        "down":  { "uv": [ 10, 8, 11, 9 ], "texture": "#texture" },
        "up":    { "uv": [ 10, 8, 11, 9 ], "texture": "#texture" },
        "north": { "uv": [ 3, 9, 4, 9.5 ], "texture": "#texture" },
        "south": { "uv": [ 3, 9, 4, 9.5 ], "texture": "#texture" },
        "west":  { "uv": [ 3, 9, 4, 9.5 ], "texture": "#texture" }
    }
},
{
    "from": [ 12, 6.5, 7.5 ],
    "to": [ 13, 7, 8.5 ],
    "faces": {
        "down":  { "uv": [ 10.5, 7, 11.5, 8 ], "texture": "#texture" },
        "up":    { "uv": [ 10.5, 7, 11.5, 8 ], "texture": "#texture" },
        "north": { "uv": [ 13, 9, 12, 9.5 ], "texture": "#texture" },
        "south": { "uv": [ 12, 9, 13, 9.5 ], "texture": "#texture" },
        "east":  { "uv": [ 11, 9, 12, 9.5 ], "texture": "#texture" }
    }
},
{
    "from": [ 13, 7, 7.5 ],
    "to": [ 13.5, 8.5, 8.5 ],
    "faces": {
        "down":  { "uv": [ 3, 9, 2.5, 8 ], "texture": "#texture" },
        "north": { "uv": [ 13, 7.5, 13.5, 9 ], "texture": "#texture" },
        "south": { "uv": [ 13, 7.5, 13.5, 9 ], "texture": "#texture" },
        "west":  { "uv": [ 9, 9.5, 10, 11 ], "texture": "#texture" },
        "east":  { "uv": [ 9, 9.5, 10, 11 ], "texture": "#texture" }
    }
},
{
    "from": [ 7.5, 8, 3.75 ],
    "to": [ 9, 8.5, 4.75 ],
    "faces": {
        "down":  { "uv": [ 7, 9.5, 8.5, 10.5 ], "texture": "#texture" },
        "up":    { "uv": [ 7, 9.5, 8.5, 10.5 ], "texture": "#texture" },
        "north": { "uv": [ 7, 7.5, 8.5, 8 ], "texture": "#texture" },
        "south": { "uv": [ 7, 7.5, 8.5, 8 ], "texture": "#texture" },
        "west":  { "uv": [ 7.5, 7.5, 8.5, 8 ], "texture": "#texture" },
        "east":  { "uv": [ 7.5, 7.5, 8.5, 8 ], "texture": "#texture" }
    }
},
{
    "from": [ 7.5, 7, 3.75 ],
    "to": [ 9, 7.5, 4.75 ],
    "faces": {
        "down":  { "uv": [ 7, 9.5, 8.5, 10.5 ], "texture": "#texture" },
        "up":    { "uv": [ 7, 9.5, 8.5, 10.5 ], "texture": "#texture" },
        "north": { "uv": [ 7, 8.5, 8.5, 9 ], "texture": "#texture" },
        "south": { "uv": [ 7, 8.5, 8.5, 9 ], "texture": "#texture" },
        "west":  { "uv": [ 7.5, 8.5, 8.5, 9 ], "texture": "#texture" },
        "east":  { "uv": [ 7.5, 8.5, 8.5, 9 ], "texture": "#texture" }
    }
},
{
    "from": [ 7.5, 6, 3.75 ],
    "to": [ 9, 6.5, 4.75 ],
    "faces": {
        "down":  { "uv": [ 7, 9.5, 8.5, 10.5 ], "texture": "#texture" },
        "up":    { "uv": [ 7, 9.5, 8.5, 10.5 ], "texture": "#texture" },
        "north": { "uv": [ 7, 9.5, 8.5, 10 ], "texture": "#texture" },
        "south": { "uv": [ 7, 9.5, 8.5, 10 ], "texture": "#texture" },
        "west":  { "uv": [ 6.5, 9.5, 7.5, 10 ], "texture": "#texture" },
        "east":  { "uv": [ 6.5, 9.5, 7.5, 10 ], "texture": "#texture" }
    }
},
{
    "from": [ 7.5, 6.5, 3.75 ],
    "to": [ 8, 8, 4.25 ],
    "faces": {
        "north": { "uv": [ 8, 8, 8.5, 9.5 ], "texture": "#texture" },
        "south": { "uv": [ 8, 8, 8.5, 9.5 ], "texture": "#texture" },
        "west":  { "uv": [ 8, 8, 8.5, 9.5 ], "texture": "#texture" },
        "east":  { "uv": [ 8, 8, 8.5, 9.5 ], "texture": "#texture" }
    }
},
{
    "from": [ 7, 8, 11.25 ],
    "to": [ 8.5, 8.5, 12.25 ],
    "faces": {
        "down":  { "uv": [ 7, 9.5, 8.5, 10.5 ], "texture": "#texture" },
        "up":    { "uv": [ 7, 9.5, 8.5, 10.5 ], "texture": "#texture" },
        "north": { "uv": [ 7, 7.5, 8.5, 8 ], "texture": "#texture" },
        "south": { "uv": [ 7, 7.5, 8.5, 8 ], "texture": "#texture" },
        "west":  { "uv": [ 7.5, 7.5, 8.5, 8 ], "texture": "#texture" },
        "east":  { "uv": [ 7.5, 7.5, 8.5, 8 ], "texture": "#texture" }
    }
},
{
    "from": [ 7, 7, 11.25 ],
    "to": [ 8.5, 7.5, 12.25 ],
    "faces": {
        "down":  { "uv": [ 7, 9.5, 8.5, 10.5 ], "texture": "#texture" },
        "up":    { "uv": [ 7, 9.5, 8.5, 10.5 ], "texture": "#texture" },
        "north": { "uv": [ 7, 7.5, 8.5, 8 ], "texture": "#texture" },
        "south": { "uv": [ 7, 7.5, 8.5, 8 ], "texture": "#texture" },
        "west":  { "uv": [ 7.5, 7.5, 8.5, 8 ], "texture": "#texture" },
        "east":  { "uv": [ 7.5, 7.5, 8.5, 8 ], "texture": "#texture" }
    }
},
{
    "from": [ 7, 6, 11.25 ],
    "to": [ 8.5, 6.5, 12.25 ],
    "faces": {
        "down":  { "uv": [ 7, 9.5, 8.5, 10.5 ], "texture": "#texture" },
        "up":    { "uv": [ 7, 9.5, 8.5, 10.5 ], "texture": "#texture" },
        "north": { "uv": [ 7, 7.5, 8.5, 8 ], "texture": "#texture" },
        "south": { "uv": [ 7, 7.5, 8.5, 8 ], "texture": "#texture" },
        "west":  { "uv": [ 7.5, 7.5, 8.5, 8 ], "texture": "#texture" },
        "east":  { "uv": [ 7.5, 7.5, 8.5, 8 ], "texture": "#texture" }
    }
},
{
    "from": [ 8, 6.5, 11.75 ],
    "to": [ 8.5, 8, 12.25 ],
    "faces": {
        "north": { "uv": [ 8, 8, 8.5, 9.5 ], "texture": "#texture" },
        "south": { "uv": [ 8, 8, 8.5, 9.5 ], "texture": "#texture" },
        "west":  { "uv": [ 8, 8, 8.5, 9.5 ], "texture": "#texture" },
        "east":  { "uv": [ 8, 8, 8.5, 9.5 ], "texture": "#texture" }
    }
},
{
    "from": [ 5, 5.5, 7 ],
    "to": [ 5.5, 6, 9 ],
    "faces": {
        "up":    { "uv": [ 5, 10.5, 5.5, 11 ], "texture": "#texture" },
        "east":  { "uv": [ 5, 10.5, 5.5, 11 ], "texture": "#texture" }
    }
},
{
    "from": [ 10.5, 5.5, 7 ],
    "to": [ 11, 6, 9 ],
    "faces": {
        "up":    { "uv": [ 5, 10.5, 5.5, 11 ], "texture": "#texture" },
        "west":  { "uv": [ 5, 10.5, 5.5, 11 ], "texture": "#texture" }
    }
},
{
    "from": [ 7, 5.5, 5 ],
    "to": [ 9, 6, 5.5 ],
    "faces": {
        "up":    { "uv": [ 5, 10.5, 5.5, 11 ], "texture": "#texture" },
        "south": { "uv": [ 5, 10.5, 5.5, 11 ], "texture": "#texture" }
    }
},
{
    "from": [ 7, 5.5, 10.5 ],
    "to": [ 9, 6, 11 ],
    "faces": {
        "up":    { "uv": [ 5, 10.5, 5.5, 11 ], "texture": "#texture" },
        "north": { "uv": [ 5, 10.5, 5.5, 11 ], "texture": "#texture" }
    }
},
{
    "from": [ 6, 5.5, 10 ],
    "to": [ 7, 6, 10.5 ],
    "faces": {
        "up":    { "uv": [ 5, 10.5, 5.5, 11 ], "texture": "#texture" },
        "north": { "uv": [ 5, 10.5, 5.5, 11 ], "texture": "#texture" },
        "east":  { "uv": [ 5, 10.5, 5.5, 11 ], "texture": "#texture" }
    }
},
{
    "from": [ 9, 5.5, 10 ],
    "to": [ 10, 6, 10.5 ],
    "faces": {
        "up":    { "uv": [ 5, 10.5, 5.5, 11 ], "texture": "#texture" },
        "north": { "uv": [ 5, 10.5, 5.5, 11 ], "texture": "#texture" },
        "west":  { "uv": [ 5, 10.5, 5.5, 11 ], "texture": "#texture" }
    }
},
{
    "from": [ 6, 5.5, 5.5 ],
    "to": [ 7, 6, 6 ],
    "faces": {
        "up":    { "uv": [ 5, 10.5, 5.5, 11 ], "texture": "#texture" },
        "south": { "uv": [ 5, 10.5, 5.5, 11 ], "texture": "#texture" },
        "east":  { "uv": [ 5, 10.5, 5.5, 11 ], "texture": "#texture" }
    }
},
{
    "from": [ 9, 5.5, 5.5 ],
    "to": [ 10, 6, 6 ],
    "faces": {
        "up":    { "uv": [ 5, 10.5, 5.5, 11 ], "texture": "#texture" },
        "north": { "uv": [ 5, 10.5, 5.5, 11 ], "texture": "#texture" },
        "south": { "uv": [ 5, 10.5, 5.5, 11 ], "texture": "#texture" },
        "west":  { "uv": [ 5, 10.5, 5.5, 11 ], "texture": "#texture" }
    }
},
{
    "from": [ 10, 5.5, 6 ],
    "to": [ 10.5, 6, 7 ],
    "faces": {
        "up":    { "uv": [ 5, 10.5, 5.5, 11 ], "texture": "#texture" },
        "south": { "uv": [ 5, 10.5, 5.5, 11 ], "texture": "#texture" },
        "west":  { "uv": [ 5, 10.5, 5.5, 11 ], "texture": "#texture" }
    }
},
{
    "from": [ 10, 5.5, 9 ],
    "to": [ 10.5, 6, 10 ],
    "faces": {
        "up":    { "uv": [ 5, 10.5, 5.5, 11 ], "texture": "#texture" },
        "north": { "uv": [ 5, 10.5, 5.5, 11 ], "texture": "#texture" },
        "west":  { "uv": [ 5, 10.5, 5.5, 11 ], "texture": "#texture" }
    }
},
{
    "from": [ 5.5, 5.5, 9 ],
    "to": [ 6, 6, 10 ],
    "faces": {
        "up":    { "uv": [ 5, 10.5, 5.5, 11 ], "texture": "#texture" },
        "north": { "uv": [ 5, 10.5, 5.5, 11 ], "texture": "#texture" },
        "east":  { "uv": [ 5, 10.5, 5.5, 11 ], "texture": "#texture" }
    }
},
{
    "from": [ 5.5, 5.5, 6 ],
    "to": [ 6, 6, 7 ],
    "faces": {
        "up":    { "uv": [ 5, 10.5, 5.5, 11 ], "texture": "#texture" },
        "south": { "uv": [ 5, 10.5, 5.5, 11 ], "texture": "#texture" },
        "east":  { "uv": [ 5, 10.5, 5.5, 11 ], "texture": "#texture" }
    }
},
{
    "from": [ 9, 5.5, 5 ],
    "to": [ 9.5, 9.5, 5.5 ],
    "faces": {
        "up":    { "uv": [ 6, 15.5, 5.5, 16 ], "texture": "#texture" },
        "south": { "uv": [ 1, 12, 1.5, 16 ], "texture": "#texture" },
        "west":  { "uv": [ 1, 12, 1.5, 16 ], "texture": "#texture" }
    }
}
],
"display": {
    "thirdperson": {
        "rotation": [ -91, 0, 0 ],
        "translation": [ 0, 0.5, -3.1 ],
        "scale": [ 1, 1, 1 ]
    },
    "firstperson": {
        "rotation": [ -11, -58, 14 ],
        "translation": [ -7.9, 7.1, 0.8 ],
        "scale": [ 1, 1, 1 ]
    },
    "gui": {
        "rotation": [ 30, -45, 0 ],
        "translation": [ 0, 0, 0 ],
        "scale": [ 1.4, 1.4, 1.4 ]
    }
}
}