{
"__comment": "Designed by - with BDcraft Cubik PRO 0.93 Beta - http://bdcraft.net",
"textures": {
    "texture": "items/champagne",
    "champagne": "items/champagne"
},
"elements": [ 
{
    "from": [ 7.5, 10.5, 7.5 ],
    "to": [ 8.5, 13.75, 9.5 ],
    "faces": {
        "north": { "uv": [ 14, 0.5, 13, 3.75 ], "texture": "#texture" },
        "south": { "uv": [ 2, 0.5, 3, 3.75 ], "texture": "#texture" },
        "west":  { "uv": [ 9, 0.5, 7, 3.75 ], "texture": "#texture" },
        "east":  { "uv": [ 7, 0.5, 9, 3.75 ], "texture": "#texture" }
    }
},
{
    "from": [ 6.5, 9, 7.25 ],
    "to": [ 9.5, 10, 9.75 ],
    "faces": {
        "up":    { "uv": [ 1, 5, 4, 5.5 ], "texture": "#texture" },
        "north": { "uv": [ 1.5, 5.5, 0.5, 6 ], "texture": "#texture" },
        "south": { "uv": [ 0.5, 5.5, 1.5, 6 ], "texture": "#texture" },
        "west":  { "uv": [ 12.25, 5, 14.75, 6 ], "texture": "#texture" },
        "east":  { "uv": [ 7, 5, 9.5, 6 ], "texture": "#texture" }
    }
},
{
    "from": [ 6, 8, 7 ],
    "to": [ 10, 8.5, 10 ],
    "faces": {
        "down":  { "uv": [ 0.5, 5.5, 4.5, 6 ], "texture": "#texture" },
        "up":    { "uv": [ 0.5, 5.5, 3.5, 6 ], "texture": "#texture" },
        "north": { "uv": [ 1, 6, 0, 6.5 ], "texture": "#texture" },
        "south": { "uv": [ 0.5, 5.5, 4.5, 6 ], "texture": "#texture" },
        "west":  { "uv": [ 12, 6.5, 15, 7 ], "texture": "#texture" },
        "east":  { "uv": [ 6.5, 6.5, 9.5, 7 ], "texture": "#texture" }
    }
},
{
    "from": [ 5.5, 0, 6.5 ],
    "to": [ 10.5, 6, 10.5 ],
    "faces": {
        "down":  { "uv": [ 0, 14.5, 5, 15 ], "texture": "#texture", "cullface": "down" },
        "up":    { "uv": [ 0, 9, 5, 9.5 ], "texture": "#texture" },
        "north": { "uv": [ 13, 9, 12, 15 ], "texture": "#texture" },
        "south": { "uv": [ 0, 9, 5, 15 ], "texture": "#texture" },
        "west":  { "uv": [ 11.5, 9, 15.5, 15 ], "texture": "#texture" },
        "east":  { "uv": [ 6, 9, 10, 15 ], "texture": "#texture" }
    }
},
{
    "from": [ 7, 10.5, 8 ],
    "to": [ 9, 13.75, 9 ],
    "faces": {
        "north": { "uv": [ 14.5, 0.5, 12.5, 3.5 ], "texture": "#texture" },
        "south": { "uv": [ 1.5, 0.5, 3.5, 3.5 ], "texture": "#texture" },
        "west":  { "uv": [ 8.5, 0.5, 7.5, 3.75 ], "texture": "#texture" },
        "east":  { "uv": [ 7.5, 0.5, 8.5, 3.75 ], "texture": "#texture" }
    }
},
{
    "from": [ 6.75, 14, 7.75 ],
    "to": [ 9.25, 14.25, 9.25 ],
    "faces": {
        "down":  { "uv": [ 1.5, 0, 2.5, 0.5 ], "texture": "#texture" },
        "up":    { "uv": [ 1.5, 0, 2.5, 0.5 ], "texture": "#texture" },
        "north": { "uv": [ 1.5, 0, 2.5, 0.5 ], "texture": "#texture" },
        "south": { "uv": [ 1.5, 0, 2.5, 0.5 ], "texture": "#texture" },
        "west":  { "uv": [ 1.5, 0, 2.5, 0.5 ], "texture": "#texture" },
        "east":  { "uv": [ 2, 0, 2.5, 0.5 ], "texture": "#texture" }
    }
},
{
    "from": [ 7.25, 10.5, 7.75 ],
    "to": [ 8.75, 13.75, 9.25 ],
    "faces": {
        "north": { "uv": [ 14.25, 0.5, 12.75, 3.75 ], "texture": "#texture" },
        "south": { "uv": [ 1.75, 0.5, 3.25, 3.75 ], "texture": "#texture" },
        "west":  { "uv": [ 8.75, 0.5, 7.25, 3.75 ], "texture": "#texture" },
        "east":  { "uv": [ 7.25, 0.5, 8.75, 3.75 ], "texture": "#texture" }
    }
},
{
    "from": [ 7, 13.75, 7.5 ],
    "to": [ 9, 14.25, 9.5 ],
    "faces": {
        "down":  { "uv": [ 7.5, 6, 9.5, 8 ], "texture": "#texture" },
        "up":    { "uv": [ 7.5, 6, 9.5, 8 ], "texture": "#texture" },
        "north": { "uv": [ 7.25, 5.5, 8.75, 6 ], "texture": "#texture" },
        "south": { "uv": [ 7.25, 5.5, 8.75, 6 ], "texture": "#texture" },
        "west":  { "uv": [ 7.75, 5.75, 8.75, 6.25 ], "texture": "#texture" },
        "east":  { "uv": [ 7.75, 5.75, 8.75, 6.25 ], "texture": "#texture" }
    }
},
{
    "from": [ 7.25, 14, 7.25 ],
    "to": [ 8.75, 14.25, 9.75 ],
    "faces": {
        "down":  { "uv": [ 7, 7, 8, 7.5 ], "texture": "#texture" },
        "up":    { "uv": [ 7, 7, 8, 7.5 ], "texture": "#texture" },
        "north": { "uv": [ 3, 0, 2, 0.5 ], "texture": "#texture" },
        "south": { "uv": [ 2, 0, 3, 0.5 ], "texture": "#texture" },
        "west":  { "uv": [ 7, 7, 8, 7.5 ], "texture": "#texture" },
        "east":  { "uv": [ 0.5, 6, 1.5, 6.5 ], "texture": "#texture" }
    }
},
{
    "from": [ 6.75, 9, 7 ],
    "to": [ 9.25, 10, 10 ],
    "faces": {
        "up":    { "uv": [ 1.25, 5, 3.75, 5.5 ], "texture": "#texture" },
        "north": { "uv": [ 7, 5, 9, 6 ], "texture": "#texture" },
        "south": { "uv": [ 1.25, 5, 3.75, 6 ], "texture": "#texture" },
        "west":  { "uv": [ 12, 5, 15, 6 ], "texture": "#texture" },
        "east":  { "uv": [ 6.5, 5, 9.5, 6 ], "texture": "#texture" }
    }
},
{
    "from": [ 7.25, 10, 7.25 ],
    "to": [ 8.75, 10.5, 9.75 ],
    "faces": {
        "up":    { "uv": [ 7.25, 3.5, 8.75, 4 ], "texture": "#texture" },
        "north": { "uv": [ 8.75, 3.5, 7.25, 4 ], "texture": "#texture" },
        "south": { "uv": [ 7.25, 3.5, 8.75, 4 ], "texture": "#texture" },
        "west":  { "uv": [ 7, 3.5, 7.5, 4 ], "texture": "#texture" },
        "east":  { "uv": [ 8.5, 3.5, 9, 4 ], "texture": "#texture" }
    }
},
{
    "from": [ 6.75, 10, 7.5 ],
    "to": [ 9.25, 10.5, 9.5 ],
    "faces": {
        "up":    { "uv": [ 6.5, 3.5, 9.5, 4 ], "texture": "#texture" },
        "north": { "uv": [ 9.5, 3.5, 6.5, 4 ], "texture": "#texture" },
        "south": { "uv": [ 6.5, 3.5, 9.5, 4 ], "texture": "#texture" },
        "west":  { "uv": [ 12.5, 5, 14.5, 5.5 ], "texture": "#texture" },
        "east":  { "uv": [ 7, 4.5, 9, 5 ], "texture": "#texture" }
    }
},
{
    "from": [ 6.5, 8, 6.5 ],
    "to": [ 9.5, 8.5, 10.5 ],
    "faces": {
        "up":    { "uv": [ 1, 6.5, 4, 7 ], "texture": "#texture" },
        "north": { "uv": [ 4, 6.5, 1, 7 ], "texture": "#texture" },
        "south": { "uv": [ 1, 6.5, 4, 7 ], "texture": "#texture" },
        "west":  { "uv": [ 1, 6.5, 1.5, 7 ], "texture": "#texture" },
        "east":  { "uv": [ 3.5, 6.5, 4, 7 ], "texture": "#texture" }
    }
},
{
    "from": [ 6.5, 8.5, 7 ],
    "to": [ 9.5, 9, 10 ],
    "faces": {
        "up":    { "uv": [ 0.5, 5.5, 3.5, 6 ], "texture": "#texture" },
        "north": { "uv": [ 4, 6, 1, 6.5 ], "texture": "#texture" },
        "south": { "uv": [ 1, 5.5, 4, 6 ], "texture": "#texture" },
        "west":  { "uv": [ 12, 6, 15, 6.5 ], "texture": "#texture" },
        "east":  { "uv": [ 6, 6, 9, 6.5 ], "texture": "#texture" }
    }
},
{
    "from": [ 7.25, 8.5, 10 ],
    "to": [ 8.75, 8.75, 10.5 ],
    "faces": {
        "up":    { "uv": [ 1.5, 6, 3, 6.5 ], "texture": "#texture" },
        "south": { "uv": [ 1.75, 6.25, 3.25, 6.5 ], "texture": "#texture" },
        "west":  { "uv": [ 1.5, 6.25, 2, 6.5 ], "texture": "#texture" },
        "east":  { "uv": [ 3, 6.25, 3.5, 6.5 ], "texture": "#texture" }
    }
},
{
    "from": [ 7.25, 8.5, 6.5 ],
    "to": [ 8.75, 8.75, 7 ],
    "faces": {
        "up":    { "uv": [ 7.25, 6.5, 8.75, 7 ], "texture": "#texture" },
        "north": { "uv": [ 7.25, 7.25, 8.75, 7.5 ], "texture": "#texture" },
        "west":  { "uv": [ 6.5, 7.25, 7, 7.5 ], "texture": "#texture" },
        "east":  { "uv": [ 9, 7.25, 9.5, 7.5 ], "texture": "#texture" }
    }
},
{
    "from": [ 9.5, 8.5, 7.75 ],
    "to": [ 10, 8.75, 9.25 ],
    "faces": {
        "up":    { "uv": [ 8.5, 6, 9, 7.5 ], "texture": "#texture" },
        "north": { "uv": [ 8.5, 7, 9, 7.5 ], "texture": "#texture" },
        "south": { "uv": [ 8.5, 7, 9, 7.5 ], "texture": "#texture" },
        "east":  { "uv": [ 7.5, 7, 8, 7.5 ], "texture": "#texture" }
    }
},
{
    "from": [ 6, 8.5, 7.75 ],
    "to": [ 6.5, 8.75, 9.25 ],
    "faces": {
        "up":    { "uv": [ 11.5, 5, 12, 6.5 ], "texture": "#texture" },
        "north": { "uv": [ 11, 6, 11.5, 6.5 ], "texture": "#texture" },
        "south": { "uv": [ 11, 6, 11.5, 6.5 ], "texture": "#texture" },
        "west":  { "uv": [ 11, 6, 12.5, 6.5 ], "texture": "#texture" }
    }
},
{
    "from": [ 6, 0, 10.5 ],
    "to": [ 10, 6, 11 ],
    "faces": {
        "down":  { "uv": [ 4.5, 15, 0.5, 14.5 ], "texture": "#texture", "cullface": "down" },
        "up":    { "uv": [ 0.5, 9, 4.5, 9.5 ], "texture": "#texture" },
        "south": { "uv": [ 0.5, 9, 4.5, 15 ], "texture": "#texture" },
        "west":  { "uv": [ 0.5, 9, 1, 15 ], "texture": "#texture" },
        "east":  { "uv": [ 4, 9, 4.5, 15 ], "texture": "#texture" }
    }
},
{
    "from": [ 6, 0, 6 ],
    "to": [ 10, 6, 6.5 ],
    "faces": {
        "down":  { "uv": [ 4.5, 15, 0.5, 14.5 ], "texture": "#texture", "cullface": "down" },
        "up":    { "uv": [ 0.5, 8, 4.5, 8.5 ], "texture": "#texture" },
        "north": { "uv": [ 15.5, 9, 11.5, 15 ], "texture": "#texture" },
        "west":  { "uv": [ 11, 9, 11.5, 15 ], "texture": "#texture" },
        "east":  { "uv": [ 15.5, 9, 16, 15 ], "texture": "#texture" }
    }
},
{
    "from": [ 6.25, 7, 6.5 ],
    "to": [ 9.75, 8, 10.5 ],
    "faces": {
        "up":    { "uv": [ 0.5, 7, 4, 7.5 ], "texture": "#texture" },
        "north": { "uv": [ 4, 7, 0.5, 8 ], "texture": "#texture" },
        "south": { "uv": [ 0.5, 7, 4, 8 ], "texture": "#texture" },
        "west":  { "uv": [ 11.5, 7, 15.5, 8 ], "texture": "#texture" },
        "east":  { "uv": [ 6, 7, 10, 8 ], "texture": "#texture" }
    }
},
{
    "from": [ 6, 7, 6.75 ],
    "to": [ 6.25, 8, 10.25 ],
    "faces": {
        "up":    { "uv": [ 11.75, 7, 15.25, 7.5 ], "rotation": 90, "texture": "#texture" },
        "north": { "uv": [ 12.5, 7, 13, 8 ], "texture": "#texture" },
        "south": { "uv": [ 0, 8, 0.25, 9 ], "texture": "#texture" },
        "west":  { "uv": [ 11.75, 7, 15.25, 8 ], "texture": "#texture" }
    }
},
{
    "from": [ 9.75, 7, 6.75 ],
    "to": [ 10, 8, 10.25 ],
    "faces": {
        "up":    { "uv": [ 1.5, 13, 0.5, 13.5 ], "rotation": 90, "texture": "#texture" },
        "north": { "uv": [ 7, 6.5, 7.5, 7.5 ], "texture": "#texture" },
        "south": { "uv": [ 6.5, 6.5, 7, 7.5 ], "texture": "#texture" },
        "east":  { "uv": [ 6.25, 7, 9.75, 8 ], "texture": "#texture" }
    }
},
{
    "from": [ 5.75, 7, 6.5 ],
    "to": [ 10.25, 7.5, 10.5 ],
    "faces": {
        "up":    { "uv": [ 0.25, 7.5, 4.5, 8 ], "texture": "#texture" },
        "north": { "uv": [ 4.5, 7.5, 0, 8 ], "texture": "#texture" },
        "south": { "uv": [ 0.25, 7.5, 4.75, 8 ], "texture": "#texture" },
        "west":  { "uv": [ 0, 7.5, 0.5, 8 ], "texture": "#texture" },
        "east":  { "uv": [ 6.25, 7.5, 10, 8 ], "texture": "#texture" }
    }
},
{
    "from": [ 6, 7, 6.25 ],
    "to": [ 10, 7.5, 6.5 ],
    "faces": {
        "up":    { "uv": [ 0.25, 8, 4.25, 8.25 ], "texture": "#texture" },
        "north": { "uv": [ 0.25, 7.75, 4.25, 8.25 ], "texture": "#texture" },
        "west":  { "uv": [ 2.25, 7.75, 2.75, 8.25 ], "texture": "#texture" },
        "east":  { "uv": [ 2.25, 7.75, 2.75, 8.25 ], "texture": "#texture" }
    }
},
{
    "from": [ 6, 7, 10.5 ],
    "to": [ 10, 7.5, 10.75 ],
    "faces": {
        "up":    { "uv": [ 0.5, 7.5, 4.5, 8 ], "texture": "#texture" },
        "south": { "uv": [ 0.5, 7.5, 4.5, 8 ], "texture": "#texture" },
        "west":  { "uv": [ 0.5, 7.5, 1, 8 ], "texture": "#texture" },
        "east":  { "uv": [ 4, 7.5, 4.5, 8 ], "texture": "#texture" }
    }
},
{
    "from": [ 5.75, 7.5, 7.5 ],
    "to": [ 6, 8, 9.5 ],
    "faces": {
        "up":    { "uv": [ 12.75, 7, 14.25, 7.5 ], "rotation": 90, "texture": "#texture" },
        "north": { "uv": [ 12.25, 6, 12.75, 6.5 ], "texture": "#texture" },
        "south": { "uv": [ 8.75, 6.25, 9.25, 6.75 ], "texture": "#texture" },
        "west":  { "uv": [ 12.75, 7, 14.25, 7.5 ], "texture": "#texture" }
    }
},
{
    "from": [ 10, 7.5, 7.5 ],
    "to": [ 10.25, 8, 9.5 ],
    "faces": {
        "up":    { "uv": [ 10, 7.5, 10.25, 9.5 ], "texture": "#texture" },
        "north": { "uv": [ 7.5, 7, 8, 7.5 ], "texture": "#texture" },
        "south": { "uv": [ 10, 8, 10.25, 8.5 ], "texture": "#texture" },
        "east":  { "uv": [ 12.5, 8, 14.5, 8.5 ], "texture": "#texture" }
    }
},
{
    "from": [ 7, 7.5, 10.5 ],
    "to": [ 9, 8, 10.75 ],
    "faces": {
        "up":    { "uv": [ 1.5, 7, 3.5, 7.25 ], "texture": "#texture" },
        "south": { "uv": [ 1.5, 7, 3.5, 7.5 ], "texture": "#texture" },
        "west":  { "uv": [ 10.25, 7, 10.5, 7.5 ], "texture": "#texture" },
        "east":  { "uv": [ 3.25, 7, 3.5, 7.5 ], "texture": "#texture" }
    }
},
{
    "from": [ 7, 7.5, 6.25 ],
    "to": [ 9, 8, 6.5 ],
    "faces": {
        "up":    { "uv": [ 7, 6.25, 9, 6.5 ], "texture": "#texture" },
        "north": { "uv": [ 7, 6.75, 9, 7.25 ], "texture": "#texture" },
        "west":  { "uv": [ 7.5, 7.25, 8, 7.75 ], "texture": "#texture" },
        "east":  { "uv": [ 7.5, 7.25, 8, 7.75 ], "texture": "#texture" }
    }
},
{
    "from": [ 6.5, 6, 6 ],
    "to": [ 9.5, 7, 11 ],
    "faces": {
        "down":  { "uv": [ 0.75, 8.5, 3.75, 9 ], "texture": "#texture" },
        "up":    { "uv": [ 0.75, 8, 3.75, 8.5 ], "texture": "#texture" },
        "north": { "uv": [ 15, 8, 12, 9 ], "texture": "#texture" },
        "south": { "uv": [ 0.75, 8, 3.75, 9 ], "texture": "#texture" },
        "west":  { "uv": [ 0.5, 8, 1, 9 ], "texture": "#texture" },
        "east":  { "uv": [ 3.5, 8, 4.5, 9 ], "texture": "#texture" }
    }
},
{
    "from": [ 5.5, 6, 7 ],
    "to": [ 10.5, 7, 10 ],
    "faces": {
        "up":    { "uv": [ 0, 8, 4.5, 8.5 ], "texture": "#texture" },
        "north": { "uv": [ 16, 8, 11, 9 ], "texture": "#texture" },
        "south": { "uv": [ 0, 8, 5, 9 ], "texture": "#texture" },
        "west":  { "uv": [ 0, 8, 0.5, 9 ], "texture": "#texture" },
        "east":  { "uv": [ 6.5, 8, 9.75, 9 ], "texture": "#texture" }
    }
},
{
    "from": [ 6, 6, 6.25 ],
    "to": [ 10, 7, 10.75 ],
    "faces": {
        "down":  { "uv": [ 0.25, 8.5, 4.25, 9 ], "texture": "#texture" },
        "up":    { "uv": [ 0.25, 8, 4.25, 8.5 ], "texture": "#texture" },
        "north": { "uv": [ 15.5, 7.5, 11.5, 8.5 ], "texture": "#texture" },
        "south": { "uv": [ 0.25, 8, 4.25, 9 ], "texture": "#texture" },
        "west":  { "uv": [ 0.5, 8, 1, 9 ], "texture": "#texture" },
        "east":  { "uv": [ 4, 8, 4.5, 9 ], "texture": "#texture" }
    }
},
{
    "from": [ 5.75, 6, 6.5 ],
    "to": [ 10.25, 7, 10.5 ],
    "faces": {
        "north": { "uv": [ 15.5, 8, 11, 9 ], "texture": "#texture" },
        "south": { "uv": [ 0.25, 8, 4.75, 9 ], "texture": "#texture" },
        "west":  { "uv": [ 0, 8, 0.5, 9 ], "texture": "#texture" },
        "east":  { "uv": [ 5.5, 8, 9.5, 9 ], "texture": "#texture" }
    }
},
{
    "from": [ 6, -0.25, 6.5 ],
    "to": [ 10, 0, 10.5 ],
    "faces": {
        "down":  { "uv": [ 6, 14.5, 9.75, 15 ], "texture": "#texture", "cullface": "down" },
        "north": { "uv": [ 6, 14.75, 10, 15 ], "texture": "#texture", "cullface": "down" },
        "south": { "uv": [ 6, 14.75, 10, 15 ], "texture": "#texture", "cullface": "down" },
        "west":  { "uv": [ 6, 14.75, 10, 15 ], "texture": "#texture", "cullface": "down" },
        "east":  { "uv": [ 6, 14.75, 10, 15 ], "texture": "#texture", "cullface": "down" }
    }
}
],
"display": {
    "thirdperson": {
        "rotation": [ -106, 28, -37 ],
        "translation": [ 0, 0.2, -2.1 ],
        "scale": [ 1, 1, 1 ]
    },
    "head": {
        "rotation": [ 0, 0, 0 ],
        "translation": [ 0, 4.7, 0 ],
        "scale": [ 2, 2, 2 ]
    },
    "ground": {
        "rotation": [ 0, 0, 0 ],
        "translation": [ 0, 0, 0 ],
        "scale": [ 1.5, 1.5, 1 ]
    },
    "fixed": {
        "rotation": [ 0, -180, 0 ],
        "translation": [ 0, 0.6, 0.5 ],
        "scale": [ 2, 2, 2 ]
    },
    "firstperson": {
        "rotation": [ -13, -48, 18 ],
        "translation": [ 0.9, 2.8, -1.3 ],
        "scale": [ 1.3, 1.3, 1.3 ]
    },
    "gui": {
        "rotation": [ -30, 136, 0 ],
        "translation": [ 0, 0.6, 0 ],
        "scale": [ 1.35, 1.35, 1.35 ]
    }
}
}