{
"__comment": "Designed by Hypixel minecraft server with BDcraft Cubik PRO 0.93 Beta - http://bdcraft.net",
"textures": {
    "particle": "items/helm9.2_unwrap2",
    "texture": "items/helm9.2_unwrap"
},
"elements": [ 
{
    "from": [ 6, 0, 14 ],
    "to": [ 10, 1, 18 ],
    "faces": {
        "down":  { "uv": [ 4, 14.5, 6, 15 ], "texture": "#texture", "cullface": "south" },
        "up":    { "uv": [ 4, 14.5, 6, 15 ], "texture": "#texture", "cullface": "south" },
        "north": { "uv": [ 6, 14.5, 4, 15 ], "texture": "#texture", "cullface": "south" },
        "south": { "uv": [ 4, 14.5, 6, 15 ], "texture": "#texture", "cullface": "south" },
        "west":  { "uv": [ 4, 14.5, 4.5, 15 ], "texture": "#texture", "cullface": "south" },
        "east":  { "uv": [ 5.5, 14.5, 6, 15 ], "texture": "#texture", "cullface": "south" }
    }
},
{
    "from": [ 5, 1, 16 ],
    "to": [ 11, 2, 18 ],
    "faces": {
        "down":  { "uv": [ 3.5, 14, 6.5, 14.5 ], "texture": "#texture", "cullface": "south" },
        "north": { "uv": [ 6.5, 14, 3.5, 14.5 ], "texture": "#texture", "cullface": "south" },
        "south": { "uv": [ 3.5, 14, 6.5, 14.5 ], "texture": "#texture", "cullface": "south" },
        "west":  { "uv": [ 3.5, 14, 4, 14.5 ], "texture": "#texture", "cullface": "south" },
        "east":  { "uv": [ 6, 14, 6.5, 14.5 ], "texture": "#texture", "cullface": "south" }
    }
},
{
    "from": [ 4, 2, 16 ],
    "to": [ 12, 3, 18 ],
    "faces": {
        "down":  { "uv": [ 3, 13.5, 7, 14 ], "texture": "#texture", "cullface": "south" },
        "north": { "uv": [ 7, 13.5, 3, 14 ], "texture": "#texture", "cullface": "south" },
        "south": { "uv": [ 3, 13.5, 7, 14 ], "texture": "#texture", "cullface": "south" },
        "west":  { "uv": [ 3, 13.5, 3.5, 14 ], "texture": "#texture", "cullface": "south" },
        "east":  { "uv": [ 6.5, 13.5, 7, 14 ], "texture": "#texture", "cullface": "south" }
    }
},
{
    "from": [ 4, 3, 16 ],
    "to": [ 12, 4, 18 ],
    "faces": {
        "north": { "uv": [ 7, 13, 3, 13.5 ], "texture": "#texture", "cullface": "south" },
        "south": { "uv": [ 3, 13, 7, 13.5 ], "texture": "#texture", "cullface": "south" },
        "west":  { "uv": [ 3, 13, 3.5, 13.5 ], "texture": "#texture", "cullface": "south" },
        "east":  { "uv": [ 7.5, 13, 8, 13.5 ], "texture": "#texture", "cullface": "south" }
    }
},
{
    "from": [ -1, 4, 1 ],
    "to": [ 1, 5, 13.5 ],
    "faces": {
        "down":  { "uv": [ 0, 10.5, 0.5, 11 ], "texture": "#texture", "cullface": "west" },
        "north": { "uv": [ 0, 10.5, 0.5, 11 ], "texture": "#texture", "cullface": "west" },
        "south": { "uv": [ 0, 10.5, 0.5, 11 ], "texture": "#texture", "cullface": "west" },
        "west":  { "uv": [ 0, 10.5, 0.5, 11 ], "texture": "#texture", "cullface": "west" },
        "east":  { "uv": [ 0, 10.5, 0.5, 11 ], "texture": "#texture", "cullface": "west" }
    }
},
{
    "from": [ -1, 5, 0 ],
    "to": [ 1, 6, 14.5 ],
    "faces": {
        "down":  { "uv": [ 0, 10.5, 0.5, 11 ], "texture": "#texture", "cullface": "west" },
        "north": { "uv": [ 0, 10.5, 0.5, 11 ], "texture": "#texture", "cullface": "west" },
        "south": { "uv": [ 0, 10.5, 0.5, 11 ], "texture": "#texture", "cullface": "west" },
        "west":  { "uv": [ 0, 10.5, 0.5, 11 ], "texture": "#texture", "cullface": "west" },
        "east":  { "uv": [ 0, 10.5, 0.5, 11 ], "texture": "#texture", "cullface": "west" }
    }
},
{
    "from": [ -1, 6, -1 ],
    "to": [ 1, 7, 15.5 ],
    "faces": {
        "down":  { "uv": [ 0, 10.5, 0.5, 11 ], "texture": "#texture", "cullface": "west" },
        "north": { "uv": [ 0, 10.5, 0.5, 11 ], "texture": "#texture", "cullface": "west" },
        "south": { "uv": [ 0, 10.5, 0.5, 11 ], "texture": "#texture", "cullface": "west" },
        "west":  { "uv": [ 0, 10.5, 0.5, 11 ], "texture": "#texture", "cullface": "west" },
        "east":  { "uv": [ 0, 10.5, 0.5, 11 ], "texture": "#texture", "cullface": "west" }
    }
},
{
    "from": [ -1, 7, -1 ],
    "to": [ 1, 8, 15.5 ],
    "faces": {
        "north": { "uv": [ 0, 10.5, 0.5, 11 ], "texture": "#texture", "cullface": "west" },
        "south": { "uv": [ 0, 10.5, 0.5, 11 ], "texture": "#texture", "cullface": "west" },
        "west":  { "uv": [ 0, 10.5, 0.5, 11 ], "texture": "#texture", "cullface": "west" },
        "east":  { "uv": [ 0, 10.5, 0.5, 11 ], "texture": "#texture", "cullface": "west" }
    }
},
{
    "from": [ -1, 8, -2 ],
    "to": [ 1, 9, 15.5 ],
    "faces": {
        "down":  { "uv": [ 0, 10.5, 0.5, 11 ], "texture": "#texture", "cullface": "west" },
        "up":    { "uv": [ 0, 10.5, 0.5, 11 ], "texture": "#texture", "cullface": "west" },
        "north": { "uv": [ 0, 10.5, 0.5, 11 ], "texture": "#texture", "cullface": "west" },
        "south": { "uv": [ 0, 10.5, 0.5, 11 ], "texture": "#texture", "cullface": "west" },
        "west":  { "uv": [ 0, 10.5, 0.5, 11 ], "texture": "#texture", "cullface": "west" },
        "east":  { "uv": [ 0, 10.5, 0.5, 11 ], "texture": "#texture", "cullface": "west" }
    }
},
{
    "from": [ 4, 14, -3 ],
    "to": [ 12, 15, 17 ],
    "faces": {
        "down":  { "uv": [ 3, 8, 7, 8.5 ], "texture": "#particle" },
        "up":    { "uv": [ 7, 8, 3, 8.5 ], "texture": "#particle" },
        "north": { "uv": [ 7, 8, 3, 8.5 ], "texture": "#particle" },
        "south": { "uv": [ 3, 8, 7, 8.5 ], "texture": "#particle" },
        "west":  { "uv": [ 1.5, 2.5, 11.5, 3 ], "texture": "#particle" },
        "east":  { "uv": [ 0, 14, 10, 14.5 ], "texture": "#particle" }
    }
},
{
    "from": [ 4.5, 15, -4 ],
    "to": [ 11.5, 16, 17 ],
    "faces": {
        "down":  { "uv": [ 3, 7.5, 7, 8 ], "texture": "#particle" },
        "up":    { "uv": [ 7, 7.5, 3, 8 ], "texture": "#particle", "cullface": "up" },
        "north": { "uv": [ 7, 7.5, 3, 8 ], "texture": "#particle" },
        "south": { "uv": [ 3, 7.5, 7, 8 ], "texture": "#particle" },
        "west":  { "uv": [ 1, 2, 11.5, 2.5 ], "texture": "#particle" },
        "east":  { "uv": [ 0.5, 13.5, 10.5, 14 ], "texture": "#particle" }
    }
},
{
    "from": [ 4.5, 16, -4 ],
    "to": [ 11.5, 17, 16 ],
    "faces": {
        "up":    { "uv": [ 3.5, 7, 6.5, 7.5 ], "texture": "#particle", "cullface": "up" },
        "north": { "uv": [ 6.5, 7, 3.5, 7.5 ], "texture": "#particle", "cullface": "up" },
        "south": { "uv": [ 3.5, 7, 6.5, 7.5 ], "texture": "#particle", "cullface": "up" },
        "west":  { "uv": [ 1, 1.5, 11, 2 ], "texture": "#particle", "cullface": "up" },
        "east":  { "uv": [ 1, 12.5, 11, 13 ], "texture": "#particle", "cullface": "up" }
    }
},
{
    "from": [ 5, 17, -5 ],
    "to": [ 11, 18, 16 ],
    "faces": {
        "down":  { "uv": [ 3.5, 6.5, 6.5, 7 ], "texture": "#particle", "cullface": "up" },
        "up":    { "uv": [ 3.5, 6.5, 6.5, 7 ], "texture": "#particle", "cullface": "up" },
        "north": { "uv": [ 6.5, 6.5, 3.5, 7 ], "texture": "#particle", "cullface": "up" },
        "south": { "uv": [ 3.5, 6.5, 6.5, 7 ], "texture": "#particle", "cullface": "up" },
        "west":  { "uv": [ 0.5, 1, 11, 1.5 ], "texture": "#particle", "cullface": "up" },
        "east":  { "uv": [ 1, 12, 11.5, 12.5 ], "texture": "#particle", "cullface": "up" }
    }
},
{
    "from": [ 6, 18, -6 ],
    "to": [ 10, 19, 14 ],
    "faces": {
        "down":  { "uv": [ 4, 6, 6, 6.5 ], "texture": "#particle", "cullface": "north" },
        "up":    { "uv": [ 4, 6, 6, 6.5 ], "texture": "#particle", "cullface": "north" },
        "north": { "uv": [ 6, 6, 4, 6.5 ], "texture": "#particle", "cullface": "north" },
        "south": { "uv": [ 4, 6, 6, 6.5 ], "texture": "#particle", "cullface": "north" },
        "west":  { "uv": [ 0, 0.5, 10, 1 ], "texture": "#particle", "cullface": "north" },
        "east":  { "uv": [ 2, 11.5, 12, 12 ], "texture": "#particle", "cullface": "north" }
    }
},
{
    "from": [ 6, 19, -6 ],
    "to": [ 10, 20, 12 ],
    "faces": {
        "up":    { "uv": [ 4, 5.5, 6, 6 ], "texture": "#particle", "cullface": "north" },
        "north": { "uv": [ 6, 5.5, 4, 6 ], "texture": "#particle", "cullface": "north" },
        "south": { "uv": [ 4, 5.5, 6, 6 ], "texture": "#particle", "cullface": "north" },
        "west":  { "uv": [ 0, 0, 9, 0.5 ], "texture": "#particle", "cullface": "north" },
        "east":  { "uv": [ 3, 11, 12, 11.5 ], "texture": "#particle", "cullface": "north" }
    }
},
{
    "from": [ 7, 20, -4 ],
    "to": [ 9, 21, 9 ],
    "faces": {
        "up":    { "uv": [ 4.5, 5, 5.5, 5.5 ], "texture": "#particle", "cullface": "north" },
        "north": { "uv": [ 4.5, 5, 5.5, 5.5 ], "texture": "#particle", "cullface": "north" },
        "south": { "uv": [ 4.5, 5, 5.5, 5.5 ], "texture": "#particle", "cullface": "north" },
        "west":  { "uv": [ 4.5, 5, 5.5, 5.5 ], "texture": "#particle", "cullface": "north" },
        "east":  { "uv": [ 4.5, 5, 5.5, 5.5 ], "texture": "#particle", "cullface": "north" }
    }
},
{
    "from": [ 10, 0, 14.5 ],
    "to": [ 11, 1, 17.5 ],
    "faces": {
        "down":  { "uv": [ 0, 4.5, 2, 5 ], "rotation": 90, "texture": "#texture", "cullface": "south" },
        "up":    { "uv": [ 0, 4.5, 2, 5 ], "rotation": 270, "texture": "#texture", "cullface": "south" },
        "north": { "uv": [ 6, 14.5, 6.5, 15 ], "texture": "#texture", "cullface": "south" },
        "south": { "uv": [ 6, 14.5, 6.5, 15 ], "texture": "#texture", "cullface": "south" },
        "east":  { "uv": [ 0, 4.5, 2, 5 ], "texture": "#texture", "cullface": "south" }
    }
},
{
    "from": [ 5, 0, 14.5 ],
    "to": [ 6, 1, 17.5 ],
    "faces": {
        "down":  { "uv": [ 8, 9.5, 10, 10 ], "rotation": 270, "texture": "#texture", "cullface": "south" },
        "up":    { "uv": [ 8, 9.5, 10, 10 ], "rotation": 90, "texture": "#texture", "cullface": "south" },
        "north": { "uv": [ 3.5, 14.5, 4, 15 ], "texture": "#texture", "cullface": "south" },
        "south": { "uv": [ 3.5, 14.5, 4, 15 ], "texture": "#texture", "cullface": "south" },
        "west":  { "uv": [ 8, 9.5, 10, 10 ], "texture": "#texture", "cullface": "south" }
    }
},
{
    "from": [ 2, 2, 15.5 ],
    "to": [ 4, 3, 17.5 ],
    "faces": {
        "down":  { "uv": [ 2, 13.5, 3, 14 ], "texture": "#texture", "cullface": "south" },
        "north": { "uv": [ 2, 13.5, 3, 14 ], "texture": "#texture", "cullface": "south" },
        "south": { "uv": [ 2, 13.5, 3, 14 ], "texture": "#texture", "cullface": "south" },
        "west":  { "uv": [ 2, 13.5, 2.5, 14 ], "texture": "#texture", "cullface": "south" },
        "east":  { "uv": [ 2, 13.5, 2.5, 14 ], "texture": "#texture", "cullface": "south" }
    }
},
{
    "from": [ 1, 2, 8 ],
    "to": [ 2, 3, 16 ],
    "faces": {
        "down":  { "uv": [ 1.5, 13.5, 2, 14 ], "texture": "#texture" },
        "up":    { "uv": [ 1.5, 13.5, 2, 14 ], "texture": "#texture" },
        "north": { "uv": [ 1.5, 13.5, 2, 14 ], "texture": "#texture" },
        "south": { "uv": [ 1.5, 13.5, 2, 14 ], "texture": "#texture", "cullface": "south" },
        "west":  { "uv": [ 1.5, 13.5, 2, 14 ], "texture": "#texture" },
        "east":  { "uv": [ 1.5, 13.5, 2, 14 ], "texture": "#texture" }
    }
},
{
    "from": [ 0, 2, 7 ],
    "to": [ 1, 3, 14.5 ],
    "faces": {
        "down":  { "uv": [ 1, 13.5, 1.5, 14 ], "texture": "#texture" },
        "north": { "uv": [ 1, 13.5, 1.5, 14 ], "texture": "#texture" },
        "south": { "uv": [ 1, 13.5, 1.5, 14 ], "texture": "#texture" },
        "west":  { "uv": [ 4.5, 8.5, 8, 9 ], "texture": "#texture", "cullface": "west" },
        "east":  { "uv": [ 8, 8.5, 4.5, 9 ], "texture": "#texture" }
    }
},
{
    "from": [ 3, 1, 15 ],
    "to": [ 5, 2, 17 ],
    "faces": {
        "down":  { "uv": [ 2.5, 14, 3.5, 14.5 ], "texture": "#texture", "cullface": "south" },
        "up":    { "uv": [ 2.5, 14, 3.5, 14.5 ], "texture": "#texture", "cullface": "south" },
        "north": { "uv": [ 2.5, 14, 3.5, 14.5 ], "texture": "#texture", "cullface": "south" },
        "south": { "uv": [ 2.5, 14, 3.5, 14.5 ], "texture": "#texture", "cullface": "south" },
        "west":  { "uv": [ 2.5, 14, 3.5, 14.5 ], "texture": "#texture", "cullface": "south" },
        "east":  { "uv": [ 2.5, 14, 3.5, 14.5 ], "texture": "#texture", "cullface": "south" }
    }
},
{
    "from": [ 2, 1, 9 ],
    "to": [ 3, 2, 15.5 ],
    "faces": {
        "down":  { "uv": [ 5.5, 9, 9, 9.5 ], "rotation": 270, "texture": "#texture" },
        "up":    { "uv": [ 5.5, 9, 9, 9.5 ], "rotation": 90, "texture": "#texture" },
        "north": { "uv": [ 3.5, 14.5, 4, 15 ], "texture": "#texture" },
        "south": { "uv": [ 3.5, 14.5, 4, 15 ], "texture": "#texture" },
        "west":  { "uv": [ 5.5, 9, 9, 9.5 ], "texture": "#texture" },
        "east":  { "uv": [ 5.5, 9, 9, 9.5 ], "texture": "#texture" }
    }
},
{
    "from": [ 12, 2, 15.5 ],
    "to": [ 14, 3, 17.5 ],
    "faces": {
        "down":  { "uv": [ 7, 13.5, 8, 14 ], "texture": "#texture", "cullface": "south" },
        "north": { "uv": [ 7, 13.5, 8, 14 ], "texture": "#texture", "cullface": "south" },
        "south": { "uv": [ 7, 13.5, 8, 14 ], "texture": "#texture", "cullface": "south" },
        "west":  { "uv": [ 7, 13.5, 7.5, 14 ], "texture": "#texture", "cullface": "south" },
        "east":  { "uv": [ 7, 13.5, 7.5, 14 ], "texture": "#texture", "cullface": "south" }
    }
},
{
    "from": [ 11, 1, 15 ],
    "to": [ 13, 2, 17 ],
    "faces": {
        "down":  { "uv": [ 6.5, 14, 7.5, 14.5 ], "texture": "#texture", "cullface": "south" },
        "up":    { "uv": [ 6.5, 14, 7.5, 14.5 ], "texture": "#texture", "cullface": "south" },
        "north": { "uv": [ 6.5, 14, 7.5, 14.5 ], "texture": "#texture", "cullface": "south" },
        "south": { "uv": [ 6.5, 14, 7.5, 14.5 ], "texture": "#texture", "cullface": "south" },
        "west":  { "uv": [ 6.5, 14, 7.5, 14.5 ], "texture": "#texture", "cullface": "south" },
        "east":  { "uv": [ 6.5, 14, 7.5, 14.5 ], "texture": "#texture", "cullface": "south" }
    }
},
{
    "from": [ 13, 1, 9 ],
    "to": [ 14, 2, 15.5 ],
    "faces": {
        "down":  { "uv": [ 1, 4, 4.5, 4.5 ], "texture": "#texture" },
        "up":    { "uv": [ 1, 4, 4.5, 4.5 ], "rotation": 90, "texture": "#texture" },
        "north": { "uv": [ 7.5, 14, 8, 14.5 ], "texture": "#texture" },
        "south": { "uv": [ 7.5, 14, 8, 14.5 ], "texture": "#texture" },
        "west":  { "uv": [ 1, 4, 4.5, 4.5 ], "texture": "#texture" },
        "east":  { "uv": [ 1, 4, 4.5, 4.5 ], "texture": "#texture" }
    }
},
{
    "from": [ 14, 2, 8 ],
    "to": [ 15, 3, 16 ],
    "faces": {
        "down":  { "uv": [ 8, 13.5, 8.5, 14 ], "texture": "#texture" },
        "up":    { "uv": [ 8, 13.5, 8.5, 14 ], "texture": "#texture" },
        "north": { "uv": [ 8, 13.5, 8.5, 14 ], "texture": "#texture" },
        "south": { "uv": [ 8, 13.5, 8.5, 14 ], "texture": "#texture", "cullface": "south" },
        "west":  { "uv": [ 8.5, 13.5, 9, 14 ], "texture": "#texture" },
        "east":  { "uv": [ 8.5, 13.5, 9, 14 ], "texture": "#texture" }
    }
},
{
    "from": [ 12, 3, 15.5 ],
    "to": [ 15, 4, 17.5 ],
    "faces": {
        "down":  { "uv": [ 8.5, 13, 7, 13.5 ], "texture": "#texture", "cullface": "south" },
        "up":    { "uv": [ 7, 13, 8.5, 13.5 ], "texture": "#texture", "cullface": "south" },
        "north": { "uv": [ 8.5, 13, 7, 13.5 ], "texture": "#texture", "cullface": "south" },
        "south": { "uv": [ 7, 13, 8.5, 13.5 ], "texture": "#texture", "cullface": "south" },
        "west":  { "uv": [ 7, 13, 7.5, 13.5 ], "texture": "#texture", "cullface": "south" },
        "east":  { "uv": [ 8, 13, 8.5, 13.5 ], "texture": "#texture", "cullface": "south" }
    }
},
{
    "from": [ 15, 3, 14.5 ],
    "to": [ 16, 4, 16.5 ],
    "faces": {
        "down":  { "uv": [ 8.5, 13, 9, 13.5 ], "texture": "#texture", "cullface": "south" },
        "north": { "uv": [ 8.5, 13, 9, 13.5 ], "texture": "#texture", "cullface": "south" },
        "south": { "uv": [ 8.5, 13, 9, 13.5 ], "texture": "#texture", "cullface": "south" },
        "west":  { "uv": [ 8.5, 13, 9, 13.5 ], "texture": "#texture", "cullface": "south" },
        "east":  { "uv": [ 8.5, 13, 9, 13.5 ], "texture": "#texture", "cullface": "south" }
    }
},
{
    "from": [ 1, 3, 15.5 ],
    "to": [ 4, 4, 17.5 ],
    "faces": {
        "down":  { "uv": [ 1.5, 13, 3, 13.5 ], "texture": "#texture", "cullface": "south" },
        "up":    { "uv": [ 1.5, 13, 3, 13.5 ], "texture": "#texture", "cullface": "south" },
        "north": { "uv": [ 1.5, 13, 3, 13.5 ], "texture": "#texture", "cullface": "south" },
        "south": { "uv": [ 1.5, 13, 3, 13.5 ], "texture": "#texture", "cullface": "south" },
        "west":  { "uv": [ 1.5, 13, 2, 13.5 ], "texture": "#texture", "cullface": "south" },
        "east":  { "uv": [ 1.5, 13, 2, 13.5 ], "texture": "#texture", "cullface": "south" }
    }
},
{
    "from": [ 0, 3, 14.5 ],
    "to": [ 1, 4, 16.5 ],
    "faces": {
        "down":  { "uv": [ 7, 6, 8, 7.5 ], "texture": "#texture", "cullface": "south" },
        "north": { "uv": [ 1, 13, 1.5, 13.5 ], "texture": "#texture", "cullface": "south" },
        "south": { "uv": [ 1, 13, 1.5, 13.5 ], "texture": "#texture", "cullface": "south" },
        "west":  { "uv": [ 6.5, 6.5, 8, 7.5 ], "texture": "#texture", "cullface": "south" },
        "east":  { "uv": [ 6.5, 6.5, 8, 7.5 ], "texture": "#texture", "cullface": "south" }
    }
},
{
    "from": [ -1, 3, 3 ],
    "to": [ 1, 4, 15 ],
    "faces": {
        "down":  { "uv": [ 4.5, 8, 5, 8.5 ], "texture": "#texture", "cullface": "west" },
        "up":    { "uv": [ 4.5, 8, 5, 8.5 ], "texture": "#texture", "cullface": "west" },
        "north": { "uv": [ 0.5, 13, 1.5, 13.5 ], "texture": "#texture", "cullface": "west" },
        "south": { "uv": [ 0.5, 13, 1.5, 13.5 ], "texture": "#texture", "cullface": "west" },
        "west":  { "uv": [ 2.5, 8, 8.5, 8.5 ], "texture": "#texture", "cullface": "west" },
        "east":  { "uv": [ 7.5, 3, 1.5, 3.5 ], "texture": "#texture", "cullface": "west" }
    }
},
{
    "from": [ -1, 4, 13.5 ],
    "to": [ 0, 5, 16 ],
    "faces": {
        "down":  { "uv": [ 8, 7.5, 9, 8 ], "texture": "#texture", "cullface": "west" },
        "up":    { "uv": [ 8, 7.5, 9, 8 ], "texture": "#texture", "cullface": "west" },
        "south": { "uv": [ 0.5, 12.5, 1, 13 ], "texture": "#texture", "cullface": "west" },
        "west":  { "uv": [ 8, 7.5, 9, 8 ], "texture": "#texture", "cullface": "west" },
        "east":  { "uv": [ 8, 7.5, 9, 8 ], "texture": "#texture", "cullface": "west" }
    }
},
{
    "from": [ 3, 4, 15.5 ],
    "to": [ 4, 5, 18 ],
    "faces": {
        "down":  { "uv": [ 2, 11.5, 3, 12 ], "texture": "#texture", "cullface": "south" },
        "up":    { "uv": [ 2, 11.5, 3, 12 ], "texture": "#texture", "cullface": "south" },
        "north": { "uv": [ 2, 11.5, 3, 12.5 ], "texture": "#texture", "cullface": "south" },
        "south": { "uv": [ 2, 11.5, 3, 12.5 ], "texture": "#texture", "cullface": "south" },
        "west":  { "uv": [ 2.5, 11.5, 3, 12.5 ], "texture": "#texture", "cullface": "south" },
        "east":  { "uv": [ 2.5, 11.5, 3, 12.5 ], "texture": "#texture", "cullface": "south" }
    }
},
{
    "from": [ 4, 4, 16 ],
    "to": [ 12, 5, 18 ],
    "faces": {
        "north": { "uv": [ 7, 12.5, 3, 13 ], "texture": "#texture", "cullface": "south" },
        "south": { "uv": [ 3, 12.5, 7, 13 ], "texture": "#texture", "cullface": "south" }
    }
},
{
    "from": [ 1, 4, 15.5 ],
    "to": [ 3, 5, 17.5 ],
    "faces": {
        "north": { "uv": [ 1.5, 12, 2.5, 12.5 ], "texture": "#texture", "cullface": "south" },
        "south": { "uv": [ 1.5, 12, 2.5, 12.5 ], "texture": "#texture", "cullface": "south" },
        "west":  { "uv": [ 1, 12, 1.5, 13 ], "texture": "#texture", "cullface": "south" }
    }
},
{
    "from": [ 13, 4, 15.5 ],
    "to": [ 15, 5, 17.5 ],
    "faces": {
        "north": { "uv": [ 8.5, 12.5, 7.5, 13 ], "texture": "#texture", "cullface": "south" },
        "south": { "uv": [ 7.5, 12.5, 8.5, 13 ], "texture": "#texture", "cullface": "south" },
        "east":  { "uv": [ 8, 12.5, 8.5, 13 ], "texture": "#texture", "cullface": "south" }
    }
},
{
    "from": [ 12, 4, 15.5 ],
    "to": [ 13, 5, 18 ],
    "faces": {
        "down":  { "uv": [ 7, 12.5, 7.5, 13 ], "texture": "#texture", "cullface": "south" },
        "up":    { "uv": [ 7, 12.5, 7.5, 13 ], "texture": "#texture", "cullface": "south" },
        "north": { "uv": [ 7, 12.5, 7.5, 13 ], "texture": "#texture", "cullface": "south" },
        "south": { "uv": [ 7, 12.5, 7.5, 13 ], "texture": "#texture", "cullface": "south" },
        "west":  { "uv": [ 7, 12.5, 7.5, 13 ], "texture": "#texture", "cullface": "south" },
        "east":  { "uv": [ 7, 12.5, 7.5, 13 ], "texture": "#texture", "cullface": "south" }
    }
},
{
    "from": [ 15, 4, 14.5 ],
    "to": [ 16, 5, 17 ],
    "faces": {
        "down":  { "uv": [ 0.5, 2.5, 1, 3 ], "texture": "#texture", "cullface": "south" },
        "north": { "uv": [ 1, 2.5, 1.5, 3 ], "texture": "#texture", "cullface": "south" },
        "south": { "uv": [ 0.5, 2.5, 1, 3 ], "texture": "#texture", "cullface": "south" },
        "west":  { "uv": [ 1.5, 2.5, 0.5, 3 ], "texture": "#texture", "cullface": "south" },
        "east":  { "uv": [ 0.5, 2.5, 1.5, 3 ], "texture": "#texture", "cullface": "south" }
    }
},
{
    "from": [ 0, 4, 14.5 ],
    "to": [ 1, 5, 17 ],
    "faces": {
        "down":  { "uv": [ 6, 6, 7, 7.5 ], "texture": "#texture", "cullface": "south" },
        "north": { "uv": [ 1.5, 12, 2.5, 13 ], "texture": "#texture", "cullface": "south" },
        "south": { "uv": [ 1.5, 12, 2.5, 13 ], "texture": "#texture", "cullface": "south" },
        "west":  { "uv": [ 6.5, 6.5, 8, 7.5 ], "texture": "#texture", "cullface": "south" },
        "east":  { "uv": [ 6.5, 6.5, 8, 7.5 ], "texture": "#texture", "cullface": "south" }
    }
},
{
    "from": [ 15, 2, 7 ],
    "to": [ 16, 3, 14.5 ],
    "faces": {
        "down":  { "uv": [ 8.5, 13.5, 9, 14 ], "texture": "#texture" },
        "north": { "uv": [ 8.5, 13.5, 9, 14 ], "texture": "#texture" },
        "south": { "uv": [ 8.5, 13.5, 9, 14 ], "texture": "#texture" },
        "west":  { "uv": [ 5.5, 3.5, 2, 4 ], "texture": "#texture" },
        "east":  { "uv": [ 2, 3.5, 5.5, 4 ], "texture": "#texture", "cullface": "east" }
    }
},
{
    "from": [ -1, 5, 14 ],
    "to": [ 0, 6, 17 ],
    "faces": {
        "down":  { "uv": [ 0.5, 12, 1, 12.5 ], "texture": "#texture", "cullface": "west" },
        "north": { "uv": [ 0.5, 12, 1, 12.5 ], "texture": "#texture", "cullface": "west" },
        "south": { "uv": [ 0.5, 12, 1, 12.5 ], "texture": "#texture", "cullface": "west" },
        "west":  { "uv": [ 7, 7, 8.5, 7.5 ], "texture": "#texture", "cullface": "west" },
        "east":  { "uv": [ 7, 7, 8.5, 7.5 ], "texture": "#texture", "cullface": "west" }
    }
},
{
    "from": [ 3, 5, 16 ],
    "to": [ 13, 6, 18 ],
    "faces": {
        "down":  { "uv": [ 2.5, 12, 7.5, 12.5 ], "texture": "#texture", "cullface": "south" },
        "north": { "uv": [ 7.5, 12, 2.5, 12.5 ], "texture": "#texture", "cullface": "south" },
        "south": { "uv": [ 2.5, 12, 7.5, 12.5 ], "texture": "#texture", "cullface": "south" },
        "west":  { "uv": [ 2.5, 12, 3, 12.5 ], "texture": "#texture", "cullface": "south" },
        "east":  { "uv": [ 7, 12, 7.5, 12.5 ], "texture": "#texture", "cullface": "south" }
    }
},
{
    "from": [ 13, 5, 14.5 ],
    "to": [ 16, 6, 17.5 ],
    "faces": {
        "down":  { "uv": [ 8, 12, 9.5, 12.5 ], "texture": "#texture", "cullface": "south" },
        "north": { "uv": [ 8, 12, 9.5, 12.5 ], "texture": "#texture", "cullface": "south" },
        "south": { "uv": [ 8, 12, 9.5, 12.5 ], "texture": "#texture", "cullface": "south" },
        "west":  { "uv": [ 8, 12, 8.5, 12.5 ], "texture": "#texture", "cullface": "south" },
        "east":  { "uv": [ 8, 12, 8.5, 12.5 ], "texture": "#texture", "cullface": "south" }
    }
},
{
    "from": [ 16, 5, 14 ],
    "to": [ 17, 6, 17 ],
    "faces": {
        "down":  { "uv": [ 9, 12, 9.5, 12.5 ], "texture": "#texture", "cullface": "east" },
        "north": { "uv": [ 9, 12, 9.5, 12.5 ], "texture": "#texture", "cullface": "east" },
        "south": { "uv": [ 9, 12, 9.5, 12.5 ], "texture": "#texture", "cullface": "east" },
        "west":  { "uv": [ 8.5, 12, 10, 12.5 ], "texture": "#texture", "cullface": "east" },
        "east":  { "uv": [ 8.5, 12, 10, 12.5 ], "texture": "#texture", "cullface": "east" }
    }
},
{
    "from": [ 0, 5, 14.5 ],
    "to": [ 3, 10, 17.5 ],
    "faces": {
        "down":  { "uv": [ 0, 12, 0.5, 12.5 ], "texture": "#texture", "cullface": "south" },
        "north": { "uv": [ 2.5, 10, 1, 12.5 ], "texture": "#texture", "cullface": "south" },
        "south": { "uv": [ 1, 10, 2.5, 12.5 ], "texture": "#texture", "cullface": "south" },
        "west":  { "uv": [ 7, 7, 8.5, 8 ], "texture": "#texture", "cullface": "south" },
        "east":  { "uv": [ 7, 6, 8.5, 7 ], "texture": "#texture", "cullface": "south" }
    }
},
{
    "from": [ 3, 6, 16 ],
    "to": [ 13, 7, 18 ],
    "faces": {
        "north": { "uv": [ 7.5, 11.5, 2.5, 12 ], "texture": "#texture", "cullface": "south" },
        "south": { "uv": [ 2.5, 11.5, 7.5, 12 ], "texture": "#texture", "cullface": "south" },
        "west":  { "uv": [ 2.5, 11.5, 3, 12 ], "texture": "#texture", "cullface": "south" },
        "east":  { "uv": [ 7, 11.5, 7.5, 12 ], "texture": "#texture", "cullface": "south" }
    }
},
{
    "from": [ 13, 6, 14.5 ],
    "to": [ 16, 7, 17.5 ],
    "faces": {
        "north": { "uv": [ 8, 11.5, 9.5, 12 ], "texture": "#texture", "cullface": "south" },
        "south": { "uv": [ 8, 11.5, 9.5, 12 ], "texture": "#texture", "cullface": "south" },
        "west":  { "uv": [ 8, 11.5, 8.5, 12 ], "texture": "#texture", "cullface": "south" },
        "east":  { "uv": [ 8, 11.5, 8.5, 12 ], "texture": "#texture", "cullface": "south" }
    }
},
{
    "from": [ 16, 6, 14 ],
    "to": [ 17, 7, 17 ],
    "faces": {
        "north": { "uv": [ 9, 11.5, 9.5, 12 ], "texture": "#texture", "cullface": "east" },
        "south": { "uv": [ 9, 11.5, 9.5, 12 ], "texture": "#texture", "cullface": "east" },
        "west":  { "uv": [ 9, 11.5, 9.5, 12 ], "texture": "#texture", "cullface": "east" },
        "east":  { "uv": [ 9, 11.5, 9.5, 12 ], "texture": "#texture", "cullface": "east" }
    }
},
{
    "from": [ 3, 8, 16 ],
    "to": [ 13, 9, 18 ],
    "faces": {
        "north": { "uv": [ 7.5, 10.5, 2.5, 11 ], "texture": "#texture", "cullface": "south" },
        "south": { "uv": [ 2.5, 10.5, 7.5, 11 ], "texture": "#texture", "cullface": "south" },
        "west":  { "uv": [ 2.5, 10.5, 3, 11 ], "texture": "#texture", "cullface": "south" },
        "east":  { "uv": [ 7, 10.5, 7.5, 11 ], "texture": "#texture", "cullface": "south" }
    }
},
{
    "from": [ 13, 8, 14.5 ],
    "to": [ 16, 9, 17.5 ],
    "faces": {
        "north": { "uv": [ 9, 10.5, 7.5, 11 ], "texture": "#texture", "cullface": "south" },
        "south": { "uv": [ 7.5, 10.5, 9, 11 ], "texture": "#texture", "cullface": "south" },
        "west":  { "uv": [ 7.5, 10.5, 8, 11 ], "texture": "#texture", "cullface": "south" },
        "east":  { "uv": [ 8.5, 10.5, 9, 11 ], "texture": "#texture", "cullface": "south" }
    }
},
{
    "from": [ 16, 8, 14 ],
    "to": [ 17, 9, 17 ],
    "faces": {
        "north": { "uv": [ 9, 10.5, 9.5, 11 ], "texture": "#texture", "cullface": "east" },
        "south": { "uv": [ 9, 10.5, 9.5, 11 ], "texture": "#texture", "cullface": "east" },
        "west":  { "uv": [ 9, 10.5, 9.5, 11 ], "texture": "#texture", "cullface": "east" },
        "east":  { "uv": [ 9, 10.5, 9.5, 11 ], "texture": "#texture", "cullface": "east" }
    }
},
{
    "from": [ -2, 8, -1 ],
    "to": [ -1, 10, 15.5 ],
    "faces": {
        "down":  { "uv": [ 0.5, 10.5, 1, 11 ], "texture": "#texture", "cullface": "west" },
        "north": { "uv": [ 0, 10.5, 0.5, 11 ], "texture": "#texture", "cullface": "west" },
        "south": { "uv": [ 0, 10, 0.5, 10.5 ], "texture": "#texture", "cullface": "west" },
        "west":  { "uv": [ 0.5, 5, 7.5, 6 ], "texture": "#texture", "cullface": "west" },
        "east":  { "uv": [ 7.5, 5, 0.5, 6 ], "texture": "#texture", "cullface": "west" }
    }
},
{
    "from": [ -2, 10, -1 ],
    "to": [ -1, 11, 15.5 ],
    "faces": {
        "up":    { "uv": [ 8.5, 4.5, 9, 5 ], "texture": "#particle", "cullface": "west" },
        "north": { "uv": [ 2.5, 4.5, 3, 5 ], "texture": "#particle", "cullface": "west" },
        "south": { "uv": [ 9, 4.5, 9.5, 5 ], "texture": "#particle", "cullface": "west" },
        "west":  { "uv": [ 2.5, 4.5, 9.5, 5 ], "texture": "#particle", "cullface": "west" },
        "east":  { "uv": [ 2.5, 4.5, 9.5, 5 ], "texture": "#particle", "cullface": "west" }
    }
},
{
    "from": [ -2, 11, 0 ],
    "to": [ -1, 12, 15.5 ],
    "faces": {
        "up":    { "uv": [ 0, 9.5, 0.5, 10 ], "texture": "#particle", "cullface": "west" },
        "north": { "uv": [ 0, 9.5, 0.5, 10 ], "texture": "#particle", "cullface": "west" },
        "south": { "uv": [ 0, 9.5, 0.5, 10 ], "texture": "#particle", "cullface": "west" },
        "west":  { "uv": [ 3, 4, 9.5, 4.5 ], "texture": "#particle", "cullface": "west" },
        "east":  { "uv": [ 3, 4, 9.5, 4.5 ], "texture": "#particle", "cullface": "west" }
    }
},
{
    "from": [ -2, 12, 1 ],
    "to": [ -1, 13, 15.5 ],
    "faces": {
        "up":    { "uv": [ 0, 9, 0.5, 9.5 ], "texture": "#particle", "cullface": "west" },
        "north": { "uv": [ 0, 9, 0.5, 9.5 ], "texture": "#particle", "cullface": "west" },
        "south": { "uv": [ 0, 9, 0.5, 9.5 ], "texture": "#particle", "cullface": "west" },
        "west":  { "uv": [ 3.5, 3.5, 10, 4 ], "texture": "#particle", "cullface": "west" },
        "east":  { "uv": [ 3.5, 3.5, 10, 4 ], "texture": "#particle", "cullface": "west" }
    }
},
{
    "from": [ -2, 13, 2 ],
    "to": [ -1, 14, 14.5 ],
    "faces": {
        "up":    { "uv": [ 0, 8.5, 0.5, 9 ], "texture": "#particle", "cullface": "west" },
        "north": { "uv": [ 0, 8.5, 0.5, 9 ], "texture": "#particle", "cullface": "west" },
        "south": { "uv": [ 0, 8.5, 0.5, 9 ], "texture": "#particle", "cullface": "west" },
        "west":  { "uv": [ 4, 3, 10.5, 3.5 ], "texture": "#particle", "cullface": "west" },
        "east":  { "uv": [ 4, 3, 10.5, 3.5 ], "texture": "#particle", "cullface": "west" }
    }
},
{
    "from": [ -1, 6, 13.5 ],
    "to": [ 0, 10, 17 ],
    "faces": {
        "down":  { "uv": [ 6.5, 6, 7, 6.5 ], "texture": "#texture", "cullface": "west" },
        "up":    { "uv": [ 6.5, 6, 7, 6.5 ], "texture": "#texture", "cullface": "west" },
        "north": { "uv": [ 7.5, 5.5, 8, 6 ], "texture": "#texture", "cullface": "west" },
        "south": { "uv": [ 7.5, 5.5, 8, 6 ], "texture": "#texture", "cullface": "west" },
        "west":  { "uv": [ 8, 5.5, 8.5, 6 ], "texture": "#texture", "cullface": "west" },
        "east":  { "uv": [ 8, 5.5, 8.5, 6 ], "texture": "#texture", "cullface": "west" }
    }
},
{
    "from": [ 3, 9, 16 ],
    "to": [ 13, 10, 18 ],
    "faces": {
        "north": { "uv": [ 7.5, 10, 2.5, 10.5 ], "texture": "#texture", "cullface": "south" },
        "south": { "uv": [ 2.5, 10, 7.5, 10.5 ], "texture": "#texture", "cullface": "south" },
        "west":  { "uv": [ 2.5, 10, 3, 10.5 ], "texture": "#texture", "cullface": "south" },
        "east":  { "uv": [ 7, 10, 7.5, 10.5 ], "texture": "#texture", "cullface": "south" }
    }
},
{
    "from": [ 13, 9, 14.5 ],
    "to": [ 16, 10, 17.5 ],
    "faces": {
        "north": { "uv": [ 9, 10, 7.5, 10.5 ], "texture": "#texture", "cullface": "south" },
        "south": { "uv": [ 7.5, 10, 9, 10.5 ], "texture": "#texture", "cullface": "south" },
        "west":  { "uv": [ 7.5, 10, 8, 10.5 ], "texture": "#texture", "cullface": "south" },
        "east":  { "uv": [ 8.5, 10, 9, 10.5 ], "texture": "#texture", "cullface": "south" }
    }
},
{
    "from": [ 16, 9, 13.5 ],
    "to": [ 17, 10, 17 ],
    "faces": {
        "down":  { "uv": [ 9, 10, 9.5, 10.5 ], "texture": "#texture", "cullface": "east" },
        "up":    { "uv": [ 9, 10, 9.5, 10.5 ], "texture": "#texture", "cullface": "east" },
        "north": { "uv": [ 9, 10, 9.5, 10.5 ], "texture": "#texture", "cullface": "east" },
        "south": { "uv": [ 9, 10, 9.5, 10.5 ], "texture": "#texture", "cullface": "east" },
        "west":  { "uv": [ 9, 10, 9.5, 10.5 ], "texture": "#texture", "cullface": "east" },
        "east":  { "uv": [ 9, 10, 9.5, 10.5 ], "texture": "#texture", "cullface": "east" }
    }
},
{
    "from": [ 3, 7, 16 ],
    "to": [ 13, 8, 18 ],
    "faces": {
        "north": { "uv": [ 7.5, 11, 2.5, 11.5 ], "texture": "#texture", "cullface": "south" },
        "south": { "uv": [ 2.5, 11, 7.5, 11.5 ], "texture": "#texture", "cullface": "south" },
        "west":  { "uv": [ 2.5, 11, 3, 11.5 ], "texture": "#texture", "cullface": "south" },
        "east":  { "uv": [ 7, 11, 7.5, 11.5 ], "texture": "#texture", "cullface": "south" }
    }
},
{
    "from": [ 13, 7, 14.5 ],
    "to": [ 16, 8, 17.5 ],
    "faces": {
        "north": { "uv": [ 9, 11, 7.5, 11.5 ], "texture": "#texture", "cullface": "south" },
        "south": { "uv": [ 7.5, 11, 9, 11.5 ], "texture": "#texture", "cullface": "south" },
        "west":  { "uv": [ 7.5, 11, 8, 11.5 ], "texture": "#texture", "cullface": "south" },
        "east":  { "uv": [ 8.5, 11, 9, 11.5 ], "texture": "#texture", "cullface": "south" }
    }
},
{
    "from": [ 16, 7, 13.5 ],
    "to": [ 17, 8, 17 ],
    "faces": {
        "down":  { "uv": [ 9, 11, 9.5, 11.5 ], "texture": "#texture", "cullface": "east" },
        "up":    { "uv": [ 9, 11, 9.5, 11.5 ], "texture": "#texture", "cullface": "east" },
        "north": { "uv": [ 9, 11, 9.5, 11.5 ], "texture": "#texture", "cullface": "east" },
        "south": { "uv": [ 9, 11, 9.5, 11.5 ], "texture": "#texture", "cullface": "east" },
        "west":  { "uv": [ 9, 11, 9.5, 11.5 ], "texture": "#texture", "cullface": "east" },
        "east":  { "uv": [ 9, 11, 9.5, 11.5 ], "texture": "#texture", "cullface": "east" }
    }
},
{
    "from": [ -1, 10, 14 ],
    "to": [ 0, 11, 17 ],
    "faces": {
        "north": { "uv": [ 8.5, 4.5, 9, 5 ], "texture": "#particle", "cullface": "west" },
        "south": { "uv": [ 8.5, 4.5, 9, 5 ], "texture": "#particle", "cullface": "west" },
        "west":  { "uv": [ 8.5, 4.5, 9, 5 ], "texture": "#particle", "cullface": "west" },
        "east":  { "uv": [ 8.5, 4.5, 9, 5 ], "texture": "#particle", "cullface": "west" }
    }
},
{
    "from": [ 0, 10, 14.5 ],
    "to": [ 3, 11, 17.5 ],
    "faces": {
        "north": { "uv": [ 1, 10, 2.5, 10.5 ], "texture": "#particle", "cullface": "south" },
        "south": { "uv": [ 1, 10, 2.5, 10.5 ], "texture": "#particle", "cullface": "south" },
        "west":  { "uv": [ 0.5, 10, 1.5, 10.5 ], "texture": "#particle", "cullface": "south" },
        "east":  { "uv": [ 2, 10, 2.5, 10.5 ], "texture": "#particle", "cullface": "south" }
    }
},
{
    "from": [ 3, 10, 16 ],
    "to": [ 13, 11, 18 ],
    "faces": {
        "north": { "uv": [ 2.5, 10, 7.5, 10.5 ], "texture": "#particle", "cullface": "south" },
        "south": { "uv": [ 2.5, 10, 7.5, 10.5 ], "texture": "#particle", "cullface": "south" },
        "west":  { "uv": [ 11.5, 4.5, 12, 5 ], "texture": "#particle", "cullface": "south" },
        "east":  { "uv": [ 0, 15.5, 0.5, 16 ], "texture": "#particle", "cullface": "south" }
    }
},
{
    "from": [ 13, 10, 14.5 ],
    "to": [ 16, 11, 17.5 ],
    "faces": {
        "north": { "uv": [ 9, 10, 7.5, 10.5 ], "texture": "#particle", "cullface": "south" },
        "south": { "uv": [ 7.5, 10, 9, 10.5 ], "texture": "#particle", "cullface": "south" },
        "west":  { "uv": [ 7, 10, 8, 10.5 ], "texture": "#particle", "cullface": "south" },
        "east":  { "uv": [ 8.5, 10, 9.5, 10.5 ], "texture": "#particle", "cullface": "south" }
    }
},
{
    "from": [ 16, 10, 14 ],
    "to": [ 17, 11, 17 ],
    "faces": {
        "north": { "uv": [ 9, 10, 9.5, 10.5 ], "texture": "#particle", "cullface": "east" },
        "south": { "uv": [ 9, 10, 9.5, 10.5 ], "texture": "#particle", "cullface": "east" },
        "west":  { "uv": [ 2.5, 15.5, 4.5, 16 ], "texture": "#particle", "cullface": "east" },
        "east":  { "uv": [ 2.5, 15.5, 4.5, 16 ], "texture": "#particle", "cullface": "east" }
    }
},
{
    "from": [ -1, 11, 13.5 ],
    "to": [ 0, 12, 17 ],
    "faces": {
        "down":  { "uv": [ 0.5, 9.5, 1, 10 ], "texture": "#particle", "cullface": "west" },
        "up":    { "uv": [ 0.5, 9.5, 1, 10 ], "texture": "#particle", "cullface": "west" },
        "north": { "uv": [ 0.5, 9.5, 1, 10 ], "texture": "#particle", "cullface": "west" },
        "south": { "uv": [ 0.5, 9.5, 1, 10 ], "texture": "#particle", "cullface": "west" },
        "west":  { "uv": [ 0.5, 9.5, 1, 10 ], "texture": "#particle", "cullface": "west" },
        "east":  { "uv": [ 0.5, 9.5, 1, 10 ], "texture": "#particle", "cullface": "west" }
    }
},
{
    "from": [ 0, 11, 14.5 ],
    "to": [ 3, 12, 17.5 ],
    "faces": {
        "up":    { "uv": [ 1, 9.5, 2.5, 10 ], "texture": "#particle", "cullface": "south" },
        "north": { "uv": [ 2.5, 9.5, 1, 10 ], "texture": "#particle", "cullface": "south" },
        "south": { "uv": [ 1, 9.5, 2.5, 10 ], "texture": "#particle", "cullface": "south" },
        "west":  { "uv": [ 1, 9.5, 1.5, 10 ], "texture": "#particle", "cullface": "south" },
        "east":  { "uv": [ 2, 9.5, 2.5, 10 ], "texture": "#particle", "cullface": "south" }
    }
},
{
    "from": [ 3, 11, 16 ],
    "to": [ 13, 12, 18 ],
    "faces": {
        "up":    { "uv": [ 2.5, 9.5, 7.5, 10 ], "texture": "#particle", "cullface": "south" },
        "north": { "uv": [ 7.5, 9.5, 2.5, 10 ], "texture": "#particle", "cullface": "south" },
        "south": { "uv": [ 2.5, 9.5, 7.5, 10 ], "texture": "#particle", "cullface": "south" },
        "west":  { "uv": [ 11.5, 4, 12, 4.5 ], "texture": "#particle", "cullface": "south" },
        "east":  { "uv": [ 0, 15, 0.5, 15.5 ], "texture": "#particle", "cullface": "south" }
    }
},
{
    "from": [ 13, 11, 14.5 ],
    "to": [ 16, 12, 17.5 ],
    "faces": {
        "up":    { "uv": [ 7.5, 9.5, 9, 10 ], "texture": "#particle", "cullface": "south" },
        "north": { "uv": [ 7.5, 9.5, 9, 10 ], "texture": "#particle", "cullface": "south" },
        "south": { "uv": [ 7.5, 9.5, 9, 10 ], "texture": "#particle", "cullface": "south" },
        "west":  { "uv": [ 7.5, 9.5, 8, 10 ], "texture": "#particle", "cullface": "south" },
        "east":  { "uv": [ 8.5, 9.5, 9, 10 ], "texture": "#particle", "cullface": "south" }
    }
},
{
    "from": [ 16, 11, 13.5 ],
    "to": [ 17, 12, 17 ],
    "faces": {
        "down":  { "uv": [ 9, 9.5, 9.5, 10 ], "texture": "#particle", "cullface": "east" },
        "up":    { "uv": [ 9, 9.5, 9.5, 10 ], "texture": "#particle", "cullface": "east" },
        "north": { "uv": [ 9, 9.5, 9.5, 10 ], "texture": "#particle", "cullface": "east" },
        "south": { "uv": [ 9, 9.5, 9.5, 10 ], "texture": "#particle", "cullface": "east" },
        "west":  { "uv": [ 9, 9.5, 9.5, 10 ], "texture": "#particle", "cullface": "east" },
        "east":  { "uv": [ 9, 9.5, 9.5, 10 ], "texture": "#particle", "cullface": "east" }
    }
},
{
    "from": [ 16, 4, 13.5 ],
    "to": [ 17, 5, 16 ],
    "faces": {
        "down":  { "uv": [ 9, 12.5, 9.5, 13 ], "texture": "#texture", "cullface": "east" },
        "up":    { "uv": [ 9, 12.5, 9.5, 13 ], "texture": "#texture", "cullface": "east" },
        "south": { "uv": [ 9, 12.5, 9.5, 13 ], "texture": "#texture", "cullface": "east" },
        "west":  { "uv": [ 9, 12.5, 9.5, 13 ], "texture": "#texture", "cullface": "east" },
        "east":  { "uv": [ 9, 12.5, 9.5, 13 ], "texture": "#texture", "cullface": "east" }
    }
},
{
    "from": [ 1, 12, 15.5 ],
    "to": [ 4, 13, 17.5 ],
    "faces": {
        "down":  { "uv": [ 3, 9, 1.5, 9.5 ], "texture": "#particle", "cullface": "south" },
        "north": { "uv": [ 3, 9, 1.5, 9.5 ], "texture": "#particle", "cullface": "south" },
        "south": { "uv": [ 1.5, 9, 3, 9.5 ], "texture": "#particle", "cullface": "south" },
        "west":  { "uv": [ 1.5, 9, 2, 9.5 ], "texture": "#particle", "cullface": "south" },
        "east":  { "uv": [ 2.5, 9, 3, 9.5 ], "texture": "#particle", "cullface": "south" }
    }
},
{
    "from": [ 0, 12, 15 ],
    "to": [ 1, 13, 17 ],
    "faces": {
        "north": { "uv": [ 1, 9, 1.5, 9.5 ], "texture": "#particle", "cullface": "south" },
        "south": { "uv": [ 1, 9, 1.5, 9.5 ], "texture": "#particle", "cullface": "south" },
        "west":  { "uv": [ 1, 9, 1.5, 9.5 ], "texture": "#particle", "cullface": "south" },
        "east":  { "uv": [ 1, 9, 1.5, 9.5 ], "texture": "#particle", "cullface": "south" }
    }
},
{
    "from": [ -1, 12, 14.5 ],
    "to": [ 0, 13, 16.5 ],
    "faces": {
        "north": { "uv": [ 0.5, 9, 1, 9.5 ], "texture": "#particle", "cullface": "west" },
        "south": { "uv": [ 0.5, 9, 1, 9.5 ], "texture": "#particle", "cullface": "west" },
        "west":  { "uv": [ 0.5, 9, 1, 9.5 ], "texture": "#particle", "cullface": "west" },
        "east":  { "uv": [ 0.5, 9, 1, 9.5 ], "texture": "#particle", "cullface": "west" }
    }
},
{
    "from": [ 4, 12, 16 ],
    "to": [ 12, 13, 18 ],
    "faces": {
        "north": { "uv": [ 7, 9, 3, 9.5 ], "texture": "#particle", "cullface": "south" },
        "south": { "uv": [ 3, 9, 7, 9.5 ], "texture": "#particle", "cullface": "south" },
        "west":  { "uv": [ 11.5, 3.5, 12, 4 ], "texture": "#particle", "cullface": "south" },
        "east":  { "uv": [ 0, 14.5, 0.5, 15 ], "texture": "#particle", "cullface": "south" }
    }
},
{
    "from": [ 12, 12, 15.5 ],
    "to": [ 15, 13, 17.5 ],
    "faces": {
        "down":  { "uv": [ 8.5, 9, 7, 9.5 ], "texture": "#particle", "cullface": "south" },
        "north": { "uv": [ 8.5, 9, 7, 9.5 ], "texture": "#particle", "cullface": "south" },
        "south": { "uv": [ 7, 9, 8.5, 9.5 ], "texture": "#particle", "cullface": "south" },
        "west":  { "uv": [ 7, 9, 7.5, 9.5 ], "texture": "#particle", "cullface": "south" },
        "east":  { "uv": [ 8, 9, 8.5, 9.5 ], "texture": "#particle", "cullface": "south" }
    }
},
{
    "from": [ 15, 12, 15 ],
    "to": [ 16, 13, 17 ],
    "faces": {
        "north": { "uv": [ 8.5, 9, 9, 9.5 ], "texture": "#particle", "cullface": "south" },
        "south": { "uv": [ 8.5, 9, 9, 9.5 ], "texture": "#particle", "cullface": "south" },
        "west":  { "uv": [ 8.5, 9, 9, 9.5 ], "texture": "#particle", "cullface": "south" },
        "east":  { "uv": [ 8.5, 9, 9, 9.5 ], "texture": "#particle", "cullface": "south" }
    }
},
{
    "from": [ 16, 12, 14.5 ],
    "to": [ 17, 13, 16.5 ],
    "faces": {
        "north": { "uv": [ 9, 9, 9.5, 9.5 ], "texture": "#particle", "cullface": "east" },
        "south": { "uv": [ 9, 9, 9.5, 9.5 ], "texture": "#particle", "cullface": "east" },
        "west":  { "uv": [ 9, 9, 9.5, 9.5 ], "texture": "#particle", "cullface": "east" },
        "east":  { "uv": [ 9, 9, 9.5, 9.5 ], "texture": "#particle", "cullface": "east" }
    }
},
{
    "from": [ 4, 13, 16 ],
    "to": [ 12, 14, 18 ],
    "faces": {
        "up":    { "uv": [ 3, 8.5, 7, 9 ], "texture": "#particle", "cullface": "south" },
        "north": { "uv": [ 7, 8.5, 3, 9 ], "texture": "#particle", "cullface": "south" },
        "south": { "uv": [ 3, 8.5, 7, 9 ], "texture": "#particle", "cullface": "south" },
        "west":  { "uv": [ 3, 8.5, 3.5, 9 ], "texture": "#particle", "cullface": "south" },
        "east":  { "uv": [ 6.5, 8.5, 7, 9 ], "texture": "#particle", "cullface": "south" }
    }
},
{
    "from": [ 12, 13, 15.5 ],
    "to": [ 15, 14, 17.5 ],
    "faces": {
        "up":    { "uv": [ 7, 8.5, 8.5, 9 ], "texture": "#particle", "cullface": "south" },
        "north": { "uv": [ 8.5, 8.5, 7, 9 ], "texture": "#particle", "cullface": "south" },
        "south": { "uv": [ 7, 8.5, 8.5, 9 ], "texture": "#particle", "cullface": "south" },
        "west":  { "uv": [ 7, 8.5, 7.5, 9 ], "texture": "#particle", "cullface": "south" },
        "east":  { "uv": [ 8, 8.5, 8.5, 9 ], "texture": "#particle", "cullface": "south" }
    }
},
{
    "from": [ 15, 13, 15 ],
    "to": [ 16, 14, 17 ],
    "faces": {
        "up":    { "uv": [ 8.5, 8.5, 9, 9 ], "texture": "#particle", "cullface": "south" },
        "north": { "uv": [ 8.5, 8.5, 9, 9 ], "texture": "#particle", "cullface": "south" },
        "south": { "uv": [ 8.5, 8.5, 9, 9 ], "texture": "#particle", "cullface": "south" },
        "west":  { "uv": [ 8.5, 8.5, 9, 9 ], "texture": "#particle", "cullface": "south" },
        "east":  { "uv": [ 8.5, 8.5, 9, 9 ], "texture": "#particle", "cullface": "south" }
    }
},
{
    "from": [ 16, 13, 14.5 ],
    "to": [ 17, 14, 16.5 ],
    "faces": {
        "up":    { "uv": [ 9, 8.5, 9.5, 9 ], "texture": "#particle", "cullface": "east" },
        "north": { "uv": [ 9, 8.5, 9.5, 9 ], "texture": "#particle", "cullface": "east" },
        "south": { "uv": [ 9, 8.5, 9.5, 9 ], "texture": "#particle", "cullface": "east" },
        "west":  { "uv": [ 9, 8.5, 9.5, 9 ], "texture": "#particle", "cullface": "east" },
        "east":  { "uv": [ 9, 8.5, 9.5, 9 ], "texture": "#particle", "cullface": "east" }
    }
},
{
    "from": [ 1, 13, 15.5 ],
    "to": [ 4, 14, 17.5 ],
    "faces": {
        "up":    { "uv": [ 1.5, 8.5, 3, 9 ], "texture": "#particle", "cullface": "south" },
        "north": { "uv": [ 3, 8.5, 1.5, 9 ], "texture": "#particle", "cullface": "south" },
        "south": { "uv": [ 1.5, 8.5, 3, 9 ], "texture": "#particle", "cullface": "south" },
        "west":  { "uv": [ 1.5, 8.5, 2, 9 ], "texture": "#particle", "cullface": "south" },
        "east":  { "uv": [ 2.5, 8.5, 3, 9 ], "texture": "#particle", "cullface": "south" }
    }
},
{
    "from": [ 0, 13, 15 ],
    "to": [ 1, 14, 17 ],
    "faces": {
        "up":    { "uv": [ 1, 8.5, 1.5, 9 ], "texture": "#particle", "cullface": "south" },
        "north": { "uv": [ 1, 8.5, 1.5, 9 ], "texture": "#particle", "cullface": "south" },
        "south": { "uv": [ 1, 8.5, 1.5, 9 ], "texture": "#particle", "cullface": "south" },
        "west":  { "uv": [ 1, 8.5, 1.5, 9 ], "texture": "#particle", "cullface": "south" },
        "east":  { "uv": [ 1, 8.5, 1.5, 9 ], "texture": "#particle", "cullface": "south" }
    }
},
{
    "from": [ -1, 13, 14.5 ],
    "to": [ 0, 14, 16.5 ],
    "faces": {
        "up":    { "uv": [ 0.5, 8.5, 1, 9 ], "texture": "#particle", "cullface": "west" },
        "north": { "uv": [ 0.5, 8.5, 1, 9 ], "texture": "#particle", "cullface": "west" },
        "south": { "uv": [ 0.5, 8.5, 1, 9 ], "texture": "#particle", "cullface": "west" },
        "west":  { "uv": [ 0.5, 8.5, 1, 9 ], "texture": "#particle", "cullface": "west" },
        "east":  { "uv": [ 0.5, 8.5, 1, 9 ], "texture": "#particle", "cullface": "west" }
    }
},
{
    "from": [ -1, 9, -2 ],
    "to": [ 1, 11, -1 ],
    "faces": {
        "up":    { "uv": [ 0, 5, 0.5, 5.5 ], "texture": "#texture", "cullface": "west" },
        "north": { "uv": [ 0, 5, 0.5, 5.5 ], "texture": "#texture", "cullface": "west" },
        "south": { "uv": [ 0, 5, 0.5, 5.5 ], "texture": "#texture", "cullface": "west" },
        "west":  { "uv": [ 0, 5, 0.5, 5.5 ], "texture": "#texture", "cullface": "west" },
        "east":  { "uv": [ 0, 5, 0.5, 5.5 ], "texture": "#texture", "cullface": "west" }
    }
},
{
    "from": [ 1, 12, -2 ],
    "to": [ 5, 13, -1 ],
    "faces": {
        "down":  { "uv": [ 2, 3.5, 2.5, 4 ], "texture": "#particle", "cullface": "north" },
        "up":    { "uv": [ 2, 3.5, 2.5, 4 ], "texture": "#particle", "cullface": "north" },
        "north": { "uv": [ 2, 3.5, 2.5, 4 ], "texture": "#particle", "cullface": "north" },
        "south": { "uv": [ 2, 3.5, 2.5, 4 ], "texture": "#particle", "cullface": "north" },
        "west":  { "uv": [ 2, 3.5, 2.5, 4 ], "texture": "#particle", "cullface": "north" },
        "east":  { "uv": [ 2, 3.5, 2.5, 4 ], "texture": "#particle", "cullface": "north" }
    }
},
{
    "from": [ -1, 11, -1 ],
    "to": [ 1, 13, 1 ],
    "faces": {
        "down":  { "uv": [ 2, 3.5, 3, 4.5 ], "texture": "#particle", "cullface": "west" },
        "up":    { "uv": [ 2, 3.5, 3, 4.5 ], "texture": "#particle", "cullface": "west" },
        "north": { "uv": [ 2, 3.5, 3, 4.5 ], "texture": "#particle", "cullface": "west" },
        "south": { "uv": [ 2, 3.5, 3, 4.5 ], "texture": "#particle", "cullface": "west" },
        "west":  { "uv": [ 2, 3.5, 3, 4.5 ], "texture": "#particle", "cullface": "west" },
        "east":  { "uv": [ 2, 3.5, 3, 4.5 ], "texture": "#particle", "cullface": "west" }
    }
},
{
    "from": [ 0, 13, -1 ],
    "to": [ 2, 14, 0 ],
    "faces": {
        "down":  { "uv": [ 2.5, 3, 3, 3.5 ], "texture": "#particle", "cullface": "north" },
        "up":    { "uv": [ 2.5, 3, 3, 3.5 ], "texture": "#particle", "cullface": "north" },
        "north": { "uv": [ 2.5, 3, 3, 3.5 ], "texture": "#particle", "cullface": "north" },
        "south": { "uv": [ 2.5, 3, 3, 3.5 ], "texture": "#particle", "cullface": "north" },
        "west":  { "uv": [ 2.5, 3, 3, 3.5 ], "texture": "#particle", "cullface": "north" },
        "east":  { "uv": [ 2.5, 3, 3, 3.5 ], "texture": "#particle", "cullface": "north" }
    }
},
{
    "from": [ 0, 11, -2 ],
    "to": [ 2, 12, -1 ],
    "faces": {
        "down":  { "uv": [ 2, 4, 2.5, 4.5 ], "texture": "#particle", "cullface": "north" },
        "up":    { "uv": [ 2, 4, 2.5, 4.5 ], "texture": "#particle", "cullface": "north" },
        "north": { "uv": [ 2, 4, 2.5, 4.5 ], "texture": "#particle", "cullface": "north" },
        "south": { "uv": [ 2, 4, 2.5, 4.5 ], "texture": "#particle", "cullface": "north" },
        "west":  { "uv": [ 2, 4, 2.5, 4.5 ], "texture": "#particle", "cullface": "north" },
        "east":  { "uv": [ 2, 4, 2.5, 4.5 ], "texture": "#particle", "cullface": "north" }
    }
},
{
    "from": [ -1, 13, 0 ],
    "to": [ 0, 14, 3 ],
    "faces": {
        "down":  { "uv": [ 2.5, 3, 3, 3.5 ], "texture": "#particle", "cullface": "west" },
        "up":    { "uv": [ 2.5, 3, 3, 3.5 ], "texture": "#particle", "cullface": "west" },
        "north": { "uv": [ 2.5, 3, 3, 3.5 ], "texture": "#particle", "cullface": "west" },
        "south": { "uv": [ 2.5, 3, 3, 3.5 ], "texture": "#particle", "cullface": "west" },
        "west":  { "uv": [ 2.5, 3, 4, 3.5 ], "texture": "#particle", "cullface": "west" },
        "east":  { "uv": [ 2.5, 3, 4, 3.5 ], "texture": "#particle", "cullface": "west" }
    }
},
{
    "from": [ 2, 13, -2 ],
    "to": [ 14, 14, -1 ],
    "faces": {
        "down":  { "uv": [ 9.5, 3.5, 10.5, 4 ], "texture": "#particle", "cullface": "north" },
        "up":    { "uv": [ 10.5, 3.5, 9.5, 4 ], "texture": "#particle", "cullface": "north" },
        "north": { "uv": [ 10.5, 3.5, 9.5, 4 ], "texture": "#particle", "cullface": "north" },
        "south": { "uv": [ 9.5, 3.5, 10.5, 4 ], "texture": "#particle", "cullface": "north" },
        "west":  { "uv": [ 9.5, 3.5, 10, 4 ], "texture": "#particle", "cullface": "north" },
        "east":  { "uv": [ 10, 3.5, 10.5, 4 ], "texture": "#particle", "cullface": "north" }
    }
},
{
    "from": [ -2, 4, 2 ],
    "to": [ -1, 5, 13.5 ],
    "faces": {
        "down":  { "uv": [ 0, 12.5, 0.5, 13 ], "texture": "#texture", "cullface": "west" },
        "north": { "uv": [ 0, 12.5, 0.5, 13 ], "texture": "#texture", "cullface": "west" },
        "south": { "uv": [ 0, 12.5, 0.5, 13 ], "texture": "#texture", "cullface": "west" },
        "west":  { "uv": [ 2, 7.5, 7.5, 8 ], "texture": "#texture", "cullface": "west" }
    }
},
{
    "from": [ -2, 5, 1 ],
    "to": [ -1, 6, 14.5 ],
    "faces": {
        "down":  { "uv": [ 0, 12.5, 0.5, 13 ], "texture": "#texture", "cullface": "west" },
        "north": { "uv": [ 0, 12.5, 0.5, 13 ], "texture": "#texture", "cullface": "west" },
        "south": { "uv": [ 0, 12.5, 0.5, 13 ], "texture": "#texture", "cullface": "west" },
        "west":  { "uv": [ 1.5, 7, 8, 7.5 ], "texture": "#texture", "cullface": "west" }
    }
},
{
    "from": [ -2, 6, 0 ],
    "to": [ -1, 8, 15.5 ],
    "faces": {
        "down":  { "uv": [ 0.5, 6, 1.5, 7 ], "texture": "#texture", "cullface": "west" },
        "north": { "uv": [ 0.5, 6, 1.5, 7 ], "texture": "#texture", "cullface": "west" },
        "south": { "uv": [ 8, 6.5, 9, 7.5 ], "texture": "#texture", "cullface": "west" },
        "west":  { "uv": [ 1, 6, 8.5, 7 ], "texture": "#texture", "cullface": "west" },
        "east":  { "uv": [ 8.5, 6, 1, 7 ], "texture": "#texture", "cullface": "west" }
    }
},
{
    "from": [ 15, 3, 3 ],
    "to": [ 17, 4, 15 ],
    "faces": {
        "down":  { "uv": [ 7.5, 3, 1.5, 3.5 ], "rotation": 270, "texture": "#texture", "cullface": "east" },
        "up":    { "uv": [ 1.5, 3, 7.5, 3.5 ], "rotation": 90, "texture": "#texture", "cullface": "east" },
        "north": { "uv": [ 9.5, 13, 8.5, 13.5 ], "texture": "#texture", "cullface": "east" },
        "south": { "uv": [ 8.5, 13, 9.5, 13.5 ], "texture": "#texture", "cullface": "east" },
        "west":  { "uv": [ 7.5, 3, 1.5, 3.5 ], "texture": "#texture", "cullface": "east" },
        "east":  { "uv": [ 1.5, 3, 7.5, 3.5 ], "texture": "#texture", "cullface": "east" }
    }
},
{
    "from": [ 17, 4, 2 ],
    "to": [ 18, 5, 13.5 ],
    "faces": {
        "down":  { "uv": [ 9.5, 12.5, 10, 13 ], "texture": "#texture", "cullface": "east" },
        "north": { "uv": [ 9.5, 12.5, 10, 13 ], "texture": "#texture", "cullface": "east" },
        "south": { "uv": [ 9.5, 12.5, 10, 13 ], "texture": "#texture", "cullface": "east" },
        "east":  { "uv": [ 2, 2.5, 8, 3 ], "texture": "#texture", "cullface": "east" }
    }
},
{
    "from": [ 15, 4, 1 ],
    "to": [ 17, 5, 13.5 ],
    "faces": {
        "down":  { "uv": [ 9.5, 0, 10, 0.5 ], "texture": "#texture", "cullface": "east" },
        "north": { "uv": [ 9.5, 0, 10, 0.5 ], "texture": "#texture", "cullface": "east" },
        "south": { "uv": [ 9.5, 0, 10, 0.5 ], "texture": "#texture", "cullface": "east" },
        "west":  { "uv": [ 9.5, 0, 10, 0.5 ], "texture": "#texture", "cullface": "east" },
        "east":  { "uv": [ 9.5, 0, 10, 0.5 ], "texture": "#texture", "cullface": "east" }
    }
},
{
    "from": [ 17, 5, 1 ],
    "to": [ 18, 6, 14.5 ],
    "faces": {
        "down":  { "uv": [ 9.5, 12, 10, 12.5 ], "texture": "#texture", "cullface": "east" },
        "north": { "uv": [ 9.5, 12, 10, 12.5 ], "texture": "#texture", "cullface": "east" },
        "south": { "uv": [ 9.5, 12, 10, 12.5 ], "texture": "#texture", "cullface": "east" },
        "east":  { "uv": [ 1.5, 2, 8.5, 2.5 ], "texture": "#texture", "cullface": "east" }
    }
},
{
    "from": [ 17, 6, 0 ],
    "to": [ 18, 7, 15.5 ],
    "faces": {
        "down":  { "uv": [ 9.5, 11.5, 10, 12 ], "texture": "#texture", "cullface": "east" },
        "north": { "uv": [ 9.5, 11.5, 10, 12 ], "texture": "#texture", "cullface": "east" },
        "south": { "uv": [ 9.5, 11.5, 10, 12 ], "texture": "#texture", "cullface": "east" },
        "east":  { "uv": [ 1.5, 1.5, 9, 2 ], "texture": "#texture", "cullface": "east" }
    }
},
{
    "from": [ 15, 5, 0 ],
    "to": [ 17, 6, 14.5 ],
    "faces": {
        "down":  { "uv": [ 9.5, 0, 10, 0.5 ], "texture": "#texture", "cullface": "east" },
        "north": { "uv": [ 9.5, 0, 10, 0.5 ], "texture": "#texture", "cullface": "east" },
        "south": { "uv": [ 9.5, 0, 10, 0.5 ], "texture": "#texture", "cullface": "east" },
        "west":  { "uv": [ 9.5, 0, 10, 0.5 ], "texture": "#texture", "cullface": "east" },
        "east":  { "uv": [ 9.5, 0, 10, 0.5 ], "texture": "#texture", "cullface": "east" }
    }
},
{
    "from": [ 15, 6, -1 ],
    "to": [ 17, 7, 15.5 ],
    "faces": {
        "down":  { "uv": [ 9.5, 0, 10, 0.5 ], "texture": "#texture", "cullface": "east" },
        "north": { "uv": [ 9.5, 0, 10, 0.5 ], "texture": "#texture", "cullface": "east" },
        "south": { "uv": [ 9.5, 0, 10, 0.5 ], "texture": "#texture", "cullface": "east" },
        "west":  { "uv": [ 9.5, 0, 10, 0.5 ], "texture": "#texture", "cullface": "east" },
        "east":  { "uv": [ 9.5, 0, 10, 0.5 ], "texture": "#texture", "cullface": "east" }
    }
},
{
    "from": [ 17, 7, 0 ],
    "to": [ 18, 8, 15.5 ],
    "faces": {
        "north": { "uv": [ 9.5, 11, 10, 11.5 ], "texture": "#texture", "cullface": "east" },
        "south": { "uv": [ 9.5, 11, 10, 11.5 ], "texture": "#texture", "cullface": "east" },
        "east":  { "uv": [ 1.5, 1, 9, 1.5 ], "texture": "#texture", "cullface": "east" }
    }
},
{
    "from": [ 15, 7, -1 ],
    "to": [ 17, 8, 15.5 ],
    "faces": {
        "north": { "uv": [ 9.5, 0, 10, 0.5 ], "texture": "#texture", "cullface": "east" },
        "south": { "uv": [ 9.5, 0, 10, 0.5 ], "texture": "#texture", "cullface": "east" },
        "west":  { "uv": [ 9.5, 0, 10, 0.5 ], "texture": "#texture", "cullface": "east" },
        "east":  { "uv": [ 9.5, 0, 10, 0.5 ], "texture": "#texture", "cullface": "east" }
    }
},
{
    "from": [ 17, 8, -1 ],
    "to": [ 18, 9, 15.5 ],
    "faces": {
        "down":  { "uv": [ 9.5, 0.5, 2.5, 1 ], "texture": "#texture", "cullface": "east" },
        "north": { "uv": [ 2.5, 0.5, 3, 1 ], "texture": "#texture", "cullface": "east" },
        "south": { "uv": [ 2.5, 0.5, 3, 1 ], "texture": "#texture", "cullface": "east" },
        "east":  { "uv": [ 2.5, 0.5, 9.5, 1 ], "texture": "#texture", "cullface": "east" }
    }
},
{
    "from": [ 15, 8, -2 ],
    "to": [ 17, 9, 15.5 ],
    "faces": {
        "down":  { "uv": [ 9.5, 0, 10, 0.5 ], "texture": "#texture", "cullface": "east" },
        "up":    { "uv": [ 9.5, 0, 10, 0.5 ], "texture": "#texture", "cullface": "east" },
        "north": { "uv": [ 9.5, 0, 10, 0.5 ], "texture": "#texture", "cullface": "east" },
        "south": { "uv": [ 9.5, 0, 10, 0.5 ], "texture": "#texture", "cullface": "east" },
        "west":  { "uv": [ 9.5, 0, 10, 0.5 ], "texture": "#texture", "cullface": "east" },
        "east":  { "uv": [ 9.5, 0, 10, 0.5 ], "texture": "#texture", "cullface": "east" }
    }
},
{
    "from": [ 17, 9, -1 ],
    "to": [ 18, 10, 15.5 ],
    "faces": {
        "north": { "uv": [ 9.5, 10, 10, 10.5 ], "texture": "#texture", "cullface": "east" },
        "south": { "uv": [ 9.5, 10, 10, 10.5 ], "texture": "#texture", "cullface": "east" },
        "west":  { "uv": [ 9.5, 0, 2.5, 0.5 ], "texture": "#texture", "cullface": "east" },
        "east":  { "uv": [ 2.5, 0, 9.5, 0.5 ], "texture": "#texture", "cullface": "east" }
    }
},
{
    "from": [ 15, 9, -2 ],
    "to": [ 17, 11, -1 ],
    "faces": {
        "up":    { "uv": [ 9.5, 0, 10, 0.5 ], "texture": "#texture", "cullface": "east" },
        "north": { "uv": [ 9.5, 0, 10, 0.5 ], "texture": "#texture", "cullface": "east" },
        "south": { "uv": [ 9.5, 0, 10, 0.5 ], "texture": "#texture", "cullface": "east" },
        "west":  { "uv": [ 9.5, 0, 10, 0.5 ], "texture": "#texture", "cullface": "east" },
        "east":  { "uv": [ 9.5, 0, 10, 0.5 ], "texture": "#texture", "cullface": "east" }
    }
},
{
    "from": [ 17, 10, -1 ],
    "to": [ 18, 11, 15.5 ],
    "faces": {
        "up":    { "uv": [ 9.5, 10, 10, 10.5 ], "texture": "#particle", "cullface": "east" },
        "north": { "uv": [ 9.5, 10, 10, 10.5 ], "texture": "#particle", "cullface": "east" },
        "south": { "uv": [ 9.5, 10, 10, 10.5 ], "texture": "#particle", "cullface": "east" },
        "west":  { "uv": [ 2.5, 15.5, 10, 16 ], "texture": "#particle", "cullface": "east" },
        "east":  { "uv": [ 2.5, 15.5, 10, 16 ], "texture": "#particle", "cullface": "east" }
    }
},
{
    "from": [ 17, 11, 0 ],
    "to": [ 18, 12, 15.5 ],
    "faces": {
        "up":    { "uv": [ 9.5, 9.5, 10, 10 ], "texture": "#particle", "cullface": "east" },
        "north": { "uv": [ 9.5, 9.5, 10, 10 ], "texture": "#particle", "cullface": "east" },
        "south": { "uv": [ 9.5, 9.5, 10, 10 ], "texture": "#particle", "cullface": "east" },
        "west":  { "uv": [ 2.5, 15, 10, 15.5 ], "texture": "#particle", "cullface": "east" },
        "east":  { "uv": [ 2.5, 15, 10, 15.5 ], "texture": "#particle", "cullface": "east" }
    }
},
{
    "from": [ 17, 12, 1 ],
    "to": [ 18, 13, 15.5 ],
    "faces": {
        "up":    { "uv": [ 9.5, 9, 10, 9.5 ], "texture": "#particle", "cullface": "east" },
        "north": { "uv": [ 9.5, 9, 10, 9.5 ], "texture": "#particle", "cullface": "east" },
        "south": { "uv": [ 9.5, 9, 10, 9.5 ], "texture": "#particle", "cullface": "east" },
        "west":  { "uv": [ 2, 14.5, 10, 15 ], "texture": "#particle", "cullface": "east" },
        "east":  { "uv": [ 2, 14.5, 10, 15 ], "texture": "#particle", "cullface": "east" }
    }
},
{
    "from": [ 14, 11, -2 ],
    "to": [ 16, 12, -1 ],
    "faces": {
        "down":  { "uv": [ 9.5, 14.5, 10, 15 ], "texture": "#particle", "cullface": "north" },
        "up":    { "uv": [ 9.5, 14.5, 10, 15 ], "texture": "#particle", "cullface": "north" },
        "north": { "uv": [ 9.5, 14.5, 10, 15 ], "texture": "#particle", "cullface": "north" },
        "south": { "uv": [ 9.5, 14.5, 10, 15 ], "texture": "#particle", "cullface": "north" },
        "west":  { "uv": [ 9.5, 14.5, 10, 15 ], "texture": "#particle", "cullface": "north" },
        "east":  { "uv": [ 9.5, 14.5, 10, 15 ], "texture": "#particle", "cullface": "north" }
    }
},
{
    "from": [ 11, 12, -2 ],
    "to": [ 15, 13, -1 ],
    "faces": {
        "down":  { "uv": [ 9.5, 14, 10, 14.5 ], "texture": "#particle", "cullface": "north" },
        "up":    { "uv": [ 9.5, 14, 10, 14.5 ], "texture": "#particle", "cullface": "north" },
        "north": { "uv": [ 9.5, 14, 10, 14.5 ], "texture": "#particle", "cullface": "north" },
        "south": { "uv": [ 9.5, 14, 10, 14.5 ], "texture": "#particle", "cullface": "north" },
        "west":  { "uv": [ 9.5, 14, 10, 14.5 ], "texture": "#particle", "cullface": "north" },
        "east":  { "uv": [ 9.5, 14, 10, 14.5 ], "texture": "#particle", "cullface": "north" }
    }
},
{
    "from": [ 14, 13, -1 ],
    "to": [ 16, 14, 0 ],
    "faces": {
        "down":  { "uv": [ 9.5, 13.5, 10, 14 ], "texture": "#particle", "cullface": "north" },
        "up":    { "uv": [ 9.5, 13.5, 10, 14 ], "texture": "#particle", "cullface": "north" },
        "north": { "uv": [ 10, 13, 10.5, 13.5 ], "texture": "#particle", "cullface": "north" },
        "south": { "uv": [ 10, 13, 10.5, 13.5 ], "texture": "#particle", "cullface": "north" },
        "west":  { "uv": [ 10, 13, 10.5, 13.5 ], "texture": "#particle", "cullface": "north" },
        "east":  { "uv": [ 10, 13, 10.5, 13.5 ], "texture": "#particle", "cullface": "north" }
    }
},
{
    "from": [ 15, 11, -1 ],
    "to": [ 17, 13, 1 ],
    "faces": {
        "down":  { "uv": [ 9, 14.5, 9.5, 15 ], "texture": "#particle", "cullface": "east" },
        "up":    { "uv": [ 9, 14.5, 9.5, 15 ], "texture": "#particle", "cullface": "east" },
        "north": { "uv": [ 9, 14.5, 9.5, 15 ], "texture": "#particle", "cullface": "east" },
        "south": { "uv": [ 9, 14.5, 9.5, 15 ], "texture": "#particle", "cullface": "east" },
        "west":  { "uv": [ 9, 14.5, 10, 15.5 ], "texture": "#particle", "cullface": "east" },
        "east":  { "uv": [ 9, 14.5, 10, 15.5 ], "texture": "#particle", "cullface": "east" }
    }
},
{
    "from": [ 16, 13, 0 ],
    "to": [ 17, 14, 3 ],
    "faces": {
        "down":  { "uv": [ 8, 14, 8.5, 14.5 ], "texture": "#particle", "cullface": "east" },
        "up":    { "uv": [ 8, 14, 8.5, 14.5 ], "texture": "#particle", "cullface": "east" },
        "north": { "uv": [ 8, 14, 8.5, 14.5 ], "texture": "#particle", "cullface": "east" },
        "south": { "uv": [ 8, 14, 8.5, 14.5 ], "texture": "#particle", "cullface": "east" },
        "west":  { "uv": [ 7.5, 14, 9, 14.5 ], "texture": "#particle", "cullface": "east" },
        "east":  { "uv": [ 7.5, 14, 9, 14.5 ], "texture": "#particle", "cullface": "east" }
    }
},
{
    "from": [ 2, 11, -1 ],
    "to": [ 14, 13, 0 ],
    "faces": {
        "down":  { "uv": [ 9.5, 3.5, 10.5, 4 ], "texture": "#particle", "cullface": "north" },
        "up":    { "uv": [ 10.5, 3.5, 9.5, 4 ], "texture": "#particle", "cullface": "north" },
        "north": { "uv": [ 10.5, 3.5, 9.5, 4 ], "texture": "#particle", "cullface": "north" },
        "south": { "uv": [ 9.5, 3.5, 10.5, 4 ], "texture": "#particle", "cullface": "north" },
        "west":  { "uv": [ 9.5, 3.5, 10, 4 ], "texture": "#particle", "cullface": "north" },
        "east":  { "uv": [ 10, 3.5, 10.5, 4 ], "texture": "#particle", "cullface": "north" }
    }
},
{
    "from": [ 1, 10, -1 ],
    "to": [ 7, 11, 0 ],
    "faces": {
        "down":  { "uv": [ 0, 5, 0.5, 5.5 ], "texture": "#texture", "cullface": "north" },
        "up":    { "uv": [ 0, 5, 0.5, 5.5 ], "texture": "#texture", "cullface": "north" },
        "north": { "uv": [ 0, 5, 0.5, 5.5 ], "texture": "#texture", "cullface": "north" },
        "south": { "uv": [ 0, 5, 0.5, 5.5 ], "texture": "#texture", "cullface": "north" },
        "west":  { "uv": [ 0, 5, 0.5, 5.5 ], "texture": "#texture", "cullface": "north" },
        "east":  { "uv": [ 0, 5, 0.5, 5.5 ], "texture": "#texture", "cullface": "north" }
    }
},
{
    "from": [ 9, 10, -1 ],
    "to": [ 15, 11, 0 ],
    "faces": {
        "down":  { "uv": [ 9.5, 0, 10, 0.5 ], "texture": "#texture", "cullface": "north" },
        "up":    { "uv": [ 9.5, 0, 10, 0.5 ], "texture": "#texture", "cullface": "north" },
        "north": { "uv": [ 9.5, 0, 10, 0.5 ], "texture": "#texture", "cullface": "north" },
        "south": { "uv": [ 9.5, 0, 10, 0.5 ], "texture": "#texture", "cullface": "north" },
        "west":  { "uv": [ 9.5, 0, 10, 0.5 ], "texture": "#texture", "cullface": "north" },
        "east":  { "uv": [ 9.5, 0, 10, 0.5 ], "texture": "#texture", "cullface": "north" }
    }
},
{
    "from": [ 1, 9, -1 ],
    "to": [ 3, 10, 0 ],
    "faces": {
        "down":  { "uv": [ 0, 5, 0.5, 5.5 ], "texture": "#texture", "cullface": "north" },
        "north": { "uv": [ 0, 5, 0.5, 5.5 ], "texture": "#texture", "cullface": "north" },
        "south": { "uv": [ 0, 5, 0.5, 5.5 ], "texture": "#texture", "cullface": "north" },
        "west":  { "uv": [ 0, 5, 0.5, 5.5 ], "texture": "#texture", "cullface": "north" },
        "east":  { "uv": [ 0, 5, 0.5, 5.5 ], "texture": "#texture", "cullface": "north" }
    }
},
{
    "from": [ 13, 9, -1 ],
    "to": [ 15, 10, 0 ],
    "faces": {
        "down":  { "uv": [ 9.5, 0, 10, 0.5 ], "texture": "#texture", "cullface": "north" },
        "north": { "uv": [ 9.5, 0, 10, 0.5 ], "texture": "#texture", "cullface": "north" },
        "south": { "uv": [ 9.5, 0, 10, 0.5 ], "texture": "#texture", "cullface": "north" },
        "west":  { "uv": [ 9.5, 0.5, 10, 0 ], "texture": "#texture", "cullface": "north" },
        "east":  { "uv": [ 9.5, 0.5, 10, 0 ], "texture": "#texture", "cullface": "north" }
    }
},
{
    "from": [ 1, 14, -1 ],
    "to": [ 3, 15, 16.5 ],
    "faces": {
        "down":  { "uv": [ 2.5, 8, 1.5, 8.5 ], "texture": "#particle" },
        "up":    { "uv": [ 1.5, 8, 2.5, 8.5 ], "texture": "#particle" },
        "north": { "uv": [ 2.5, 8, 1.5, 8.5 ], "texture": "#particle" },
        "south": { "uv": [ 1.5, 8, 2.5, 8.5 ], "texture": "#particle" },
        "west":  { "uv": [ 2.5, 2.5, 11, 3 ], "texture": "#particle" }
    }
},
{
    "from": [ 13, 14, -1 ],
    "to": [ 15, 15, 16.5 ],
    "faces": {
        "down":  { "uv": [ 8.5, 6.5, 9, 7 ], "texture": "#particle" },
        "up":    { "uv": [ 8.5, 6.5, 9, 7 ], "texture": "#particle" },
        "north": { "uv": [ 7.5, 8, 8.5, 8.5 ], "texture": "#particle" },
        "south": { "uv": [ 7.5, 8, 8.5, 8.5 ], "texture": "#particle" },
        "east":  { "uv": [ 1.5, 12, 10.5, 12.5 ], "texture": "#particle" }
    }
},
{
    "from": [ 3, 14, -2 ],
    "to": [ 4, 15, 16.5 ],
    "faces": {
        "down":  { "uv": [ 2.5, 8, 3, 8.5 ], "texture": "#particle" },
        "up":    { "uv": [ 2.5, 8, 3, 8.5 ], "texture": "#particle" },
        "north": { "uv": [ 2.5, 8, 3, 8.5 ], "texture": "#particle" },
        "south": { "uv": [ 2.5, 8, 3, 8.5 ], "texture": "#particle" },
        "west":  { "uv": [ 1, 1, 10.5, 1.5 ], "texture": "#particle" }
    }
},
{
    "from": [ 12, 14, -2 ],
    "to": [ 13, 15, 16.5 ],
    "faces": {
        "down":  { "uv": [ 8.5, 7, 9, 7.5 ], "texture": "#particle" },
        "up":    { "uv": [ 8.5, 7, 9, 7.5 ], "texture": "#particle" },
        "north": { "uv": [ 7, 8, 7.5, 8.5 ], "texture": "#particle" },
        "south": { "uv": [ 7, 8, 7.5, 8.5 ], "texture": "#particle" },
        "east":  { "uv": [ 1.5, 12, 11, 12.5 ], "texture": "#particle" }
    }
},
{
    "from": [ 0, 14, -0.5 ],
    "to": [ 1, 15, 16 ],
    "faces": {
        "down":  { "uv": [ 1, 8, 1.5, 8.5 ], "texture": "#particle" },
        "up":    { "uv": [ 1, 8, 1.5, 8.5 ], "texture": "#particle" },
        "north": { "uv": [ 1, 8, 1.5, 8.5 ], "texture": "#particle" },
        "south": { "uv": [ 1, 8, 1.5, 8.5 ], "texture": "#particle", "cullface": "south" },
        "west":  { "uv": [ 3, 2.5, 11, 3 ], "texture": "#particle", "cullface": "west" }
    }
},
{
    "from": [ 15, 14, -0.5 ],
    "to": [ 16, 15, 16 ],
    "faces": {
        "down":  { "uv": [ 8.5, 6.5, 9, 7 ], "texture": "#particle" },
        "up":    { "uv": [ 8.5, 6.5, 9, 7 ], "texture": "#particle" },
        "north": { "uv": [ 8.5, 8, 9, 8.5 ], "texture": "#particle" },
        "south": { "uv": [ 8.5, 8, 9, 8.5 ], "texture": "#particle", "cullface": "south" },
        "east":  { "uv": [ 1.5, 12, 10, 12.5 ], "texture": "#particle", "cullface": "east" }
    }
},
{
    "from": [ -1, 14, 1 ],
    "to": [ 0, 15, 14.5 ],
    "faces": {
        "down":  { "uv": [ 0.5, 8, 1, 8.5 ], "texture": "#particle", "cullface": "west" },
        "up":    { "uv": [ 0.5, 8, 1, 8.5 ], "texture": "#particle", "cullface": "west" },
        "north": { "uv": [ 0.5, 8, 1, 8.5 ], "texture": "#particle", "cullface": "west" },
        "south": { "uv": [ 0.5, 8, 1, 8.5 ], "texture": "#particle", "cullface": "west" },
        "west":  { "uv": [ 3.5, 2.5, 10, 3 ], "texture": "#particle", "cullface": "west" }
    }
},
{
    "from": [ 16, 14, 1 ],
    "to": [ 17, 15, 14.5 ],
    "faces": {
        "down":  { "uv": [ 9, 7.5, 9.5, 8 ], "texture": "#particle", "cullface": "east" },
        "up":    { "uv": [ 9, 7.5, 9.5, 8 ], "texture": "#particle", "cullface": "east" },
        "north": { "uv": [ 9, 8, 9.5, 8.5 ], "texture": "#particle", "cullface": "east" },
        "south": { "uv": [ 9, 8, 9.5, 8.5 ], "texture": "#particle", "cullface": "east" },
        "east":  { "uv": [ 2, 13.5, 8.5, 14 ], "texture": "#particle", "cullface": "east" }
    }
},
{
    "from": [ 12.5, 15, -2 ],
    "to": [ 14.5, 16, 16.5 ],
    "faces": {
        "down":  { "uv": [ 7.5, 7.5, 8.5, 8 ], "texture": "#particle" },
        "up":    { "uv": [ 7.5, 7.5, 8.5, 8 ], "texture": "#particle", "cullface": "up" },
        "north": { "uv": [ 7.5, 7.5, 8.5, 8 ], "texture": "#particle" },
        "south": { "uv": [ 7.5, 7.5, 8.5, 8 ], "texture": "#particle" },
        "east":  { "uv": [ 2.5, 11.5, 11.5, 12 ], "texture": "#particle" }
    }
},
{
    "from": [ 1.5, 15, -2 ],
    "to": [ 3.5, 16, 16.5 ],
    "faces": {
        "down":  { "uv": [ 2, 7, 2.5, 7.5 ], "texture": "#particle" },
        "up":    { "uv": [ 2, 7, 2.5, 7.5 ], "texture": "#particle", "cullface": "up" },
        "north": { "uv": [ 2, 2, 2.5, 2.5 ], "texture": "#particle" },
        "south": { "uv": [ 8.5, 1.5, 9, 2 ], "texture": "#particle" },
        "west":  { "uv": [ 2, 2, 11, 2.5 ], "texture": "#particle" }
    }
},
{
    "from": [ 3.5, 15, -3 ],
    "to": [ 4.5, 16, 16.5 ],
    "faces": {
        "down":  { "uv": [ 2.5, 7.5, 3, 8 ], "texture": "#particle" },
        "up":    { "uv": [ 2.5, 7.5, 3, 8 ], "texture": "#particle", "cullface": "up" },
        "north": { "uv": [ 2.5, 7.5, 3, 8 ], "texture": "#particle" },
        "south": { "uv": [ 2.5, 7.5, 3, 8 ], "texture": "#particle" },
        "west":  { "uv": [ 1.5, 2, 11, 2.5 ], "texture": "#particle" }
    }
},
{
    "from": [ 11.5, 15, -3 ],
    "to": [ 12.5, 16, 16.5 ],
    "faces": {
        "down":  { "uv": [ 7, 7.5, 7.5, 8 ], "texture": "#particle" },
        "up":    { "uv": [ 7, 7.5, 7.5, 8 ], "texture": "#particle", "cullface": "up" },
        "north": { "uv": [ 7, 7.5, 7.5, 8 ], "texture": "#particle" },
        "south": { "uv": [ 7, 7.5, 7.5, 8 ], "texture": "#particle" },
        "east":  { "uv": [ 2.5, 11.5, 11.5, 12 ], "texture": "#particle" }
    }
},
{
    "from": [ 14.5, 15, 0 ],
    "to": [ 16, 16, 15.5 ],
    "faces": {
        "down":  { "uv": [ 8.5, 7, 9, 7.5 ], "texture": "#particle" },
        "up":    { "uv": [ 8.5, 7, 9, 7.5 ], "texture": "#particle", "cullface": "up" },
        "north": { "uv": [ 8.5, 7.5, 9, 8 ], "texture": "#particle", "cullface": "north" },
        "south": { "uv": [ 8.5, 7.5, 9, 8 ], "texture": "#particle" },
        "east":  { "uv": [ 3, 11.5, 10, 12 ], "texture": "#particle", "cullface": "east" }
    }
},
{
    "from": [ 16, 15, 1.5 ],
    "to": [ 17, 16, 14 ],
    "faces": {
        "up":    { "uv": [ 9, 7.5, 9.5, 8 ], "texture": "#particle", "cullface": "east" },
        "north": { "uv": [ 9, 7.5, 9.5, 8 ], "texture": "#particle", "cullface": "east" },
        "south": { "uv": [ 9, 7.5, 9.5, 8 ], "texture": "#particle", "cullface": "east" },
        "east":  { "uv": [ 2, 13, 8.5, 13.5 ], "texture": "#particle", "cullface": "east" }
    }
},
{
    "from": [ 0, 15, 0 ],
    "to": [ 1.5, 16, 15.5 ],
    "faces": {
        "down":  { "uv": [ 0.5, 7.5, 1, 8 ], "texture": "#particle" },
        "up":    { "uv": [ 0.5, 7.5, 1, 8 ], "texture": "#particle", "cullface": "up" },
        "north": { "uv": [ 0.5, 7.5, 1, 8 ], "texture": "#particle", "cullface": "north" },
        "south": { "uv": [ 0.5, 7.5, 1, 8 ], "texture": "#particle" },
        "west":  { "uv": [ 3, 2, 10.5, 2.5 ], "texture": "#particle", "cullface": "west" }
    }
},
{
    "from": [ -1, 15, 1.5 ],
    "to": [ 0, 16, 14 ],
    "faces": {
        "up":    { "uv": [ 0.5, 7.5, 1, 8 ], "texture": "#particle", "cullface": "west" },
        "north": { "uv": [ 0.5, 7.5, 1, 8 ], "texture": "#particle", "cullface": "west" },
        "south": { "uv": [ 0.5, 7.5, 1, 8 ], "texture": "#particle", "cullface": "west" },
        "west":  { "uv": [ 3.5, 2, 10, 2.5 ], "texture": "#particle", "cullface": "west" }
    }
},
{
    "from": [ 2.5, 16, -3 ],
    "to": [ 4.5, 17, 15.5 ],
    "faces": {
        "down":  { "uv": [ 1.5, 7, 2.5, 7.5 ], "texture": "#particle", "cullface": "north" },
        "up":    { "uv": [ 1.5, 7, 2.5, 7.5 ], "texture": "#particle", "cullface": "north" },
        "north": { "uv": [ 1.5, 7, 2.5, 7.5 ], "texture": "#particle", "cullface": "north" },
        "south": { "uv": [ 1.5, 7, 2.5, 7.5 ], "texture": "#particle", "cullface": "north" },
        "west":  { "uv": [ 1.5, 1.5, 10.5, 2 ], "texture": "#particle", "cullface": "north" }
    }
},
{
    "from": [ 1, 16, -2 ],
    "to": [ 2.5, 17, 15.5 ],
    "faces": {
        "down":  { "uv": [ 5.5, 0.5, 6, 1 ], "texture": "#particle", "cullface": "north" },
        "up":    { "uv": [ 5.5, 0.5, 6, 1 ], "texture": "#particle", "cullface": "north" },
        "north": { "uv": [ 6, 1.5, 7.5, 2 ], "texture": "#particle", "cullface": "north" },
        "south": { "uv": [ 6, 1.5, 7.5, 2 ], "texture": "#particle", "cullface": "north" },
        "west":  { "uv": [ 2, 1.5, 10.5, 2 ], "texture": "#particle", "cullface": "north" }
    }
},
{
    "from": [ 9, 20, -2.8125 ],
    "to": [ 10, 21, 8.1875 ],
    "faces": {
        "up":    { "uv": [ 7.5, 0, 8.5, 0.5 ], "texture": "#particle", "cullface": "north" },
        "north": { "uv": [ 7.5, 0, 8.5, 0.5 ], "texture": "#particle", "cullface": "north" },
        "south": { "uv": [ 7.5, 0, 8.5, 0.5 ], "texture": "#particle", "cullface": "north" },
        "east":  { "uv": [ 5, 10.5, 10.5, 11 ], "texture": "#particle", "cullface": "north" }
    }
},
{
    "from": [ 6, 20, -2.8125 ],
    "to": [ 7, 21, 8.1875 ],
    "faces": {
        "up":    { "uv": [ 8, 0, 8.5, 0.5 ], "rotation": 90, "texture": "#particle", "cullface": "north" },
        "north": { "uv": [ 7.5, 0, 8.5, 0.5 ], "texture": "#particle", "cullface": "north" },
        "south": { "uv": [ 7.5, 0, 8.5, 0.5 ], "texture": "#particle", "cullface": "north" },
        "west":  { "uv": [ 8, 0, 9, 0.5 ], "texture": "#particle", "cullface": "north" }
    }
},
{
    "from": [ 5, 19, -5 ],
    "to": [ 6, 20, 11 ],
    "faces": {
        "up":    { "uv": [ 3.5, 5.5, 4, 6 ], "texture": "#particle", "cullface": "north" },
        "north": { "uv": [ 3.5, 5.5, 4, 6 ], "texture": "#particle", "cullface": "north" },
        "south": { "uv": [ 3.5, 5.5, 4, 6 ], "texture": "#particle", "cullface": "north" },
        "west":  { "uv": [ 0.5, 0, 8.5, 0.5 ], "texture": "#particle", "cullface": "north" }
    }
},
{
    "from": [ 4, 19, -3 ],
    "to": [ 5, 20, 9 ],
    "faces": {
        "up":    { "uv": [ 3, 5.5, 3.5, 6 ], "texture": "#particle", "cullface": "north" },
        "north": { "uv": [ 3, 5.5, 3.5, 6 ], "texture": "#particle", "cullface": "north" },
        "south": { "uv": [ 3, 5.5, 3.5, 6 ], "texture": "#particle", "cullface": "north" },
        "west":  { "uv": [ 1.5, 0, 7.5, 0.5 ], "texture": "#particle", "cullface": "north" }
    }
},
{
    "from": [ 10, 19, -5 ],
    "to": [ 11, 20, 11 ],
    "faces": {
        "up":    { "uv": [ 5.5, 5.5, 6, 6 ], "texture": "#particle", "cullface": "north" },
        "north": { "uv": [ 5.5, 5.5, 6, 6 ], "texture": "#particle", "cullface": "north" },
        "south": { "uv": [ 5.5, 5.5, 6, 6 ], "texture": "#particle", "cullface": "north" },
        "east":  { "uv": [ 3.5, 11, 11.5, 11.5 ], "texture": "#particle", "cullface": "north" }
    }
},
{
    "from": [ 11, 19, -3 ],
    "to": [ 12, 20, 9 ],
    "faces": {
        "up":    { "uv": [ 6, 5.5, 6.5, 6 ], "texture": "#particle", "cullface": "north" },
        "north": { "uv": [ 5.5, 5.5, 6.5, 6 ], "texture": "#particle", "cullface": "north" },
        "south": { "uv": [ 5.5, 5.5, 6.5, 6 ], "texture": "#particle", "cullface": "north" },
        "east":  { "uv": [ 4.5, 11, 10.5, 11.5 ], "texture": "#particle", "cullface": "north" }
    }
},
{
    "from": [ 4, 18, -5.5 ],
    "to": [ 6, 19, 13 ],
    "faces": {
        "down":  { "uv": [ 3, 6, 4, 6.5 ], "texture": "#particle", "cullface": "north" },
        "up":    { "uv": [ 3, 6, 4, 6.5 ], "texture": "#particle", "cullface": "north" },
        "north": { "uv": [ 3, 6.5, 4, 7 ], "texture": "#particle", "cullface": "north" },
        "south": { "uv": [ 3, 6.5, 4, 7 ], "texture": "#particle", "cullface": "north" },
        "west":  { "uv": [ 0.5, 0.5, 9.5, 1 ], "texture": "#particle", "cullface": "north" }
    }
},
{
    "from": [ 10, 18, -5.5 ],
    "to": [ 12, 19, 13 ],
    "faces": {
        "down":  { "uv": [ 5.5, 6, 6.5, 6.5 ], "texture": "#particle", "cullface": "north" },
        "up":    { "uv": [ 5.5, 6, 6.5, 6.5 ], "texture": "#particle", "cullface": "north" },
        "north": { "uv": [ 5.5, 6, 6.5, 6.5 ], "texture": "#particle", "cullface": "north" },
        "south": { "uv": [ 5.5, 6, 6.5, 6.5 ], "texture": "#particle", "cullface": "north" },
        "east":  { "uv": [ 2.5, 11.5, 11.5, 12 ], "texture": "#particle", "cullface": "north" }
    }
},
{
    "from": [ 3, 18, -4.5 ],
    "to": [ 4, 19, 12 ],
    "faces": {
        "down":  { "uv": [ 3, 6.5, 4, 7 ], "texture": "#particle", "cullface": "north" },
        "up":    { "uv": [ 3, 6.5, 4, 7 ], "texture": "#particle", "cullface": "north" },
        "north": { "uv": [ 3, 6, 4, 6.5 ], "texture": "#particle", "cullface": "north" },
        "south": { "uv": [ 3, 6, 4, 6.5 ], "texture": "#particle", "cullface": "north" },
        "west":  { "uv": [ 1, 0.5, 9, 1 ], "texture": "#particle", "cullface": "north" }
    }
},
{
    "from": [ 2, 18, -2 ],
    "to": [ 3, 19, 9.5 ],
    "faces": {
        "up":    { "uv": [ 2, 6, 3, 6.5 ], "texture": "#particle", "cullface": "north" },
        "north": { "uv": [ 2, 6, 3, 6.5 ], "texture": "#particle", "cullface": "north" },
        "south": { "uv": [ 2, 6, 3, 6.5 ], "texture": "#particle", "cullface": "north" },
        "west":  { "uv": [ 2, 0.5, 8, 1 ], "texture": "#particle", "cullface": "north" }
    }
},
{
    "from": [ 12, 18, -4.5 ],
    "to": [ 13, 19, 12 ],
    "faces": {
        "down":  { "uv": [ 6, 6, 7, 6.5 ], "texture": "#particle", "cullface": "north" },
        "up":    { "uv": [ 6, 6, 7, 6.5 ], "texture": "#particle", "cullface": "north" },
        "north": { "uv": [ 6, 6, 7, 6.5 ], "texture": "#particle", "cullface": "north" },
        "south": { "uv": [ 6, 6, 7, 6.5 ], "texture": "#particle", "cullface": "north" },
        "east":  { "uv": [ 3, 11.5, 11, 12 ], "texture": "#particle", "cullface": "north" }
    }
},
{
    "from": [ 13, 18, -2 ],
    "to": [ 14, 19, 9.5 ],
    "faces": {
        "up":    { "uv": [ 7, 6.5, 8, 7 ], "texture": "#particle", "cullface": "north" },
        "north": { "uv": [ 7, 6.5, 8, 7 ], "texture": "#particle", "cullface": "north" },
        "south": { "uv": [ 7, 6.5, 8, 7 ], "texture": "#particle", "cullface": "north" },
        "east":  { "uv": [ 4, 11.5, 10, 12 ], "texture": "#particle", "cullface": "north" }
    }
},
{
    "from": [ 2, 17, -4 ],
    "to": [ 5, 18, 15 ],
    "faces": {
        "down":  { "uv": [ 2.5, 6.5, 4, 7 ], "texture": "#particle", "cullface": "north" },
        "up":    { "uv": [ 2.5, 6.5, 4, 7 ], "texture": "#particle", "cullface": "north" },
        "north": { "uv": [ 2.5, 6.5, 4, 7 ], "texture": "#particle", "cullface": "north" },
        "south": { "uv": [ 2.5, 6.5, 4, 7 ], "texture": "#particle", "cullface": "north" },
        "west":  { "uv": [ 1, 1, 10.5, 1.5 ], "texture": "#particle", "cullface": "north" }
    }
},
{
    "from": [ 1, 17, -3 ],
    "to": [ 2, 18, 14 ],
    "faces": {
        "down":  { "uv": [ 1.5, 6.5, 2, 7 ], "texture": "#particle", "cullface": "north" },
        "up":    { "uv": [ 1.5, 6.5, 2, 7 ], "texture": "#particle", "cullface": "north" },
        "north": { "uv": [ 1.5, 6.5, 2, 7 ], "texture": "#particle", "cullface": "north" },
        "south": { "uv": [ 1.5, 6.5, 2, 7 ], "texture": "#particle", "cullface": "north" },
        "west":  { "uv": [ 1.5, 1, 10, 1.5 ], "texture": "#particle", "cullface": "north" }
    }
},
{
    "from": [ 0, 17, 0 ],
    "to": [ 1, 18, 11 ],
    "faces": {
        "up":    { "uv": [ 1, 6.5, 1.5, 7 ], "texture": "#particle", "cullface": "up" },
        "north": { "uv": [ 1, 6.5, 1.5, 7 ], "texture": "#particle", "cullface": "up" },
        "south": { "uv": [ 1, 6.5, 1.5, 7 ], "texture": "#particle", "cullface": "up" },
        "west":  { "uv": [ 2.5, 1, 7.5, 1.5 ], "texture": "#particle", "cullface": "up" }
    }
},
{
    "from": [ 11, 17, -4 ],
    "to": [ 14, 18, 15 ],
    "faces": {
        "down":  { "uv": [ 6, 6.5, 7.5, 7 ], "texture": "#particle", "cullface": "north" },
        "up":    { "uv": [ 6, 6.5, 7.5, 7 ], "texture": "#particle", "cullface": "north" },
        "north": { "uv": [ 6, 6.5, 7.5, 7 ], "texture": "#particle", "cullface": "north" },
        "south": { "uv": [ 6, 6.5, 7.5, 7 ], "texture": "#particle", "cullface": "north" },
        "east":  { "uv": [ 1.5, 12, 11, 12.5 ], "texture": "#particle", "cullface": "north" }
    }
},
{
    "from": [ 14, 17, -3 ],
    "to": [ 15, 18, 14 ],
    "faces": {
        "down":  { "uv": [ 7.5, 6.5, 8, 7 ], "texture": "#particle", "cullface": "north" },
        "up":    { "uv": [ 7.5, 6.5, 8, 7 ], "texture": "#particle", "cullface": "north" },
        "north": { "uv": [ 7.5, 6.5, 8, 7 ], "texture": "#particle", "cullface": "north" },
        "south": { "uv": [ 7.5, 6.5, 8, 7 ], "texture": "#particle", "cullface": "north" },
        "east":  { "uv": [ 2, 12, 10.5, 12.5 ], "texture": "#particle", "cullface": "north" }
    }
},
{
    "from": [ 15, 17, 0 ],
    "to": [ 16, 18, 11 ],
    "faces": {
        "up":    { "uv": [ 8.5, 6.5, 9, 7 ], "texture": "#particle", "cullface": "up" },
        "north": { "uv": [ 8.5, 6.5, 9, 7 ], "texture": "#particle", "cullface": "up" },
        "south": { "uv": [ 8.5, 6.5, 9, 7 ], "texture": "#particle", "cullface": "up" },
        "east":  { "uv": [ 3, 12, 9.5, 12.5 ], "texture": "#particle", "cullface": "up" }
    }
},
{
    "from": [ 0, 16, -1 ],
    "to": [ 1, 17, 14.5 ],
    "faces": {
        "down":  { "uv": [ 6, 1.5, 6.5, 2.5 ], "texture": "#particle", "cullface": "north" },
        "up":    { "uv": [ 6, 1.5, 6.5, 2.5 ], "texture": "#particle", "cullface": "north" },
        "north": { "uv": [ 5, 1.5, 6, 2 ], "texture": "#particle", "cullface": "north" },
        "south": { "uv": [ 5, 1.5, 6, 2 ], "texture": "#particle", "cullface": "north" },
        "west":  { "uv": [ 2.5, 1.5, 10, 2 ], "texture": "#particle", "cullface": "north" }
    }
},
{
    "from": [ 11.5, 16, -3 ],
    "to": [ 13.5, 17, 15.5 ],
    "faces": {
        "down":  { "uv": [ 6.5, 7, 7.5, 7.5 ], "rotation": 180, "texture": "#particle", "cullface": "north" },
        "up":    { "uv": [ 6.5, 7, 7.5, 7.5 ], "texture": "#particle", "cullface": "north" },
        "north": { "uv": [ 7.5, 7, 6.5, 7.5 ], "texture": "#particle", "cullface": "north" },
        "south": { "uv": [ 6.5, 7, 7.5, 7.5 ], "texture": "#particle", "cullface": "north" },
        "east":  { "uv": [ 1.5, 12.5, 10.5, 13 ], "texture": "#particle", "cullface": "north" }
    }
},
{
    "from": [ 13.5, 16, -2 ],
    "to": [ 15, 17, 15.5 ],
    "faces": {
        "down":  { "uv": [ 7, 7, 8.5, 7.5 ], "texture": "#particle", "cullface": "north" },
        "up":    { "uv": [ 7, 7, 8.5, 7.5 ], "texture": "#particle", "cullface": "north" },
        "north": { "uv": [ 7, 7, 8.5, 7.5 ], "texture": "#particle", "cullface": "north" },
        "south": { "uv": [ 7, 7, 8.5, 7.5 ], "texture": "#particle", "cullface": "north" },
        "east":  { "uv": [ 1.5, 12.5, 10, 13 ], "texture": "#particle", "cullface": "north" }
    }
},
{
    "from": [ 15, 16, -1 ],
    "to": [ 16, 17, 14.5 ],
    "faces": {
        "down":  { "uv": [ 8.5, 7, 9.5, 7.5 ], "texture": "#particle", "cullface": "north" },
        "up":    { "uv": [ 8.5, 7, 9.5, 7.5 ], "texture": "#particle", "cullface": "north" },
        "north": { "uv": [ 8.5, 7, 9.5, 7.5 ], "texture": "#particle", "cullface": "north" },
        "south": { "uv": [ 8.5, 7, 9.5, 7.5 ], "texture": "#particle", "cullface": "north" },
        "east":  { "uv": [ 1.5, 12.5, 9.5, 13 ], "texture": "#particle", "cullface": "north" }
    }
},
{
    "from": [ -1, 16, 0 ],
    "to": [ 0, 17, 12 ],
    "faces": {
        "down":  { "uv": [ 5, 1.5, 6, 2 ], "texture": "#particle", "cullface": "west" },
        "up":    { "uv": [ 5, 1.5, 6, 2 ], "texture": "#particle", "cullface": "west" },
        "north": { "uv": [ 7.5, 2, 8, 2.5 ], "texture": "#particle", "cullface": "west" },
        "south": { "uv": [ 7.5, 2, 8, 2.5 ], "texture": "#particle", "cullface": "west" },
        "west":  { "uv": [ 3, 1.5, 9, 2 ], "texture": "#particle", "cullface": "west" }
    }
},
{
    "from": [ 16, 16, 0 ],
    "to": [ 17, 17, 12 ],
    "faces": {
        "down":  { "uv": [ 9, 7, 9.5, 7.5 ], "texture": "#particle", "cullface": "east" },
        "up":    { "uv": [ 9, 7, 9.5, 7.5 ], "texture": "#particle", "cullface": "east" },
        "north": { "uv": [ 9, 7, 9.5, 7.5 ], "texture": "#particle", "cullface": "east" },
        "south": { "uv": [ 9, 7, 9.5, 7.5 ], "texture": "#particle", "cullface": "east" },
        "east":  { "uv": [ 1.5, 12.5, 3, 13 ], "texture": "#particle", "cullface": "east" }
    }
},
{
    "from": [ -2, 14, 3.5 ],
    "to": [ -1, 15, 13 ],
    "faces": {
        "up":    { "uv": [ 0, 8, 0.5, 8.5 ], "texture": "#particle", "cullface": "west" },
        "north": { "uv": [ 0, 8, 0.5, 8.5 ], "texture": "#particle", "cullface": "west" },
        "south": { "uv": [ 0, 8, 0.5, 8.5 ], "texture": "#particle", "cullface": "west" },
        "west":  { "uv": [ 5, 2.5, 9.5, 3 ], "texture": "#particle", "cullface": "west" }
    }
},
{
    "from": [ -2, 15, 5 ],
    "to": [ -1, 16, 11.5 ],
    "faces": {
        "up":    { "uv": [ 0, 7.5, 0.5, 8 ], "texture": "#particle", "cullface": "west" },
        "north": { "uv": [ 0, 7.5, 0.5, 8 ], "texture": "#particle", "cullface": "west" },
        "south": { "uv": [ 0, 7.5, 0.5, 8 ], "texture": "#particle", "cullface": "west" },
        "west":  { "uv": [ 5.5, 2, 8.5, 2.5 ], "texture": "#particle", "cullface": "west" }
    }
},
{
    "from": [ 17, 13, 2 ],
    "to": [ 18, 14, 14.5 ],
    "faces": {
        "up":    { "uv": [ 9.5, 8.5, 10, 9 ], "texture": "#particle", "cullface": "east" },
        "north": { "uv": [ 9.5, 8.5, 10, 9 ], "texture": "#particle", "cullface": "east" },
        "south": { "uv": [ 9.5, 8.5, 10, 9 ], "texture": "#particle", "cullface": "east" },
        "west":  { "uv": [ 2, 14, 8, 14.5 ], "texture": "#particle", "cullface": "east" },
        "east":  { "uv": [ 2, 14, 8, 14.5 ], "texture": "#particle", "cullface": "east" }
    }
},
{
    "from": [ 17, 14, 3.5 ],
    "to": [ 18, 15, 13 ],
    "faces": {
        "up":    { "uv": [ 9.5, 8, 10, 8.5 ], "texture": "#particle", "cullface": "east" },
        "north": { "uv": [ 9.5, 8, 10, 8.5 ], "texture": "#particle", "cullface": "east" },
        "south": { "uv": [ 9.5, 8, 10, 8.5 ], "texture": "#particle", "cullface": "east" },
        "east":  { "uv": [ 4, 13.5, 8.5, 14 ], "texture": "#particle", "cullface": "east" }
    }
},
{
    "from": [ 17, 15, 5 ],
    "to": [ 18, 16, 11.5 ],
    "faces": {
        "up":    { "uv": [ 9.5, 7.5, 10, 8 ], "texture": "#particle", "cullface": "east" },
        "north": { "uv": [ 9.5, 7.5, 10, 8 ], "texture": "#particle", "cullface": "east" },
        "south": { "uv": [ 9.5, 7.5, 10, 8 ], "texture": "#particle", "cullface": "east" },
        "east":  { "uv": [ 4, 13, 7, 13.5 ], "texture": "#particle", "cullface": "east" }
    }
}
],
"display": {
    "thirdperson": {
        "rotation": [ -180, 0, 0 ],
        "translation": [ 0, 4, -1.9 ],
        "scale": [ 0.6, 0.6, 0.6 ]
    },
    "head": {
        "rotation": [ 0, 180, 0 ],
        "translation": [ 0, -0.4, 0 ],
        "scale": [ 1.1, 1.1, 1.1 ]
    },
    "gui": {
        "rotation": [ -30, 135, 0 ],
        "translation": [ 0, -1.1, 0 ],
        "scale": [ 0.8, 0.8, 0.8 ]
    }
}
}